{
  "src": [
    "de1_8.mp3"
  ],
  "sprite": {
    "untitled-01": [
      0,
      970.5442176870749
    ],
    "untitled-02": [
      2000,
      1229.3650793650795
    ],
    "untitled-03": [
      5000,
      1067.596371882086
    ],
    "untitled-04": [
      8000,
      905.8503401360554
    ],
    "untitled-05": [
      10000,
      1035.2607709750573
    ],
    "untitled-06": [
      13000,
      1002.9024943310656
    ],
    "untitled-07": [
      16000,
      873.5147392290265
    ],
    "untitled-08": [
      18000,
      1132.3129251700693
    ],
    "untitled-09": [
      21000,
      1132.3129251700693
    ],
    "untitled-10": [
      24000,
      1132.3129251700693
    ],
    "untitled-11": [
      27000,
      1164.671201814059
    ],
    "untitled-12": [
      30000,
      1067.619047619047
    ],
    "untitled-13": [
      33000,
      6729.183673469386
    ],
    "untitled-14": [
      41000,
      7343.854875283448
    ]
  }
}