{
  "src": [
    "de1_3.mp3"
  ],
  "sprite": {
    "untitled-01": [
      0,
      968.2993197278912
    ],
    "untitled-02": [
      2000,
      1040.9297052154195
    ],
    "untitled-03": [
      5000,
      1016.7346938775505
    ],
    "untitled-04": [
      8000,
      823.0612244897966
    ],
    "untitled-05": [
      10000,
      1500.8843537414975
    ],
    "untitled-06": [
      13000,
      1258.7981859410427
    ],
    "untitled-07": [
      16000,
      1234.6031746031763
    ],
    "untitled-08": [
      19000,
      1404.0589569160993
    ],
    "untitled-09": [
      22000,
      1307.2335600907045
    ],
    "untitled-10": [
      25000,
      1113.560090702947
    ],
    "untitled-11": [
      28000,
      1210.3854875283453
    ],
    "untitled-12": [
      31000,
      1283.01587301587
    ],
    "untitled-13": [
      34000,
      1404.058956916103
    ],
    "untitled-14": [
      37000,
      1016.7120181405878
    ],
    "untitled-15": [
      40000,
      1234.6031746031726
    ],
    "untitled-16": [
      43000,
      992.5170068027214
    ],
    "untitled-17": [
      45000,
      1089.342403628116
    ],
    "untitled-18": [
      48000,
      1113.560090702947
    ],
    "untitled-19": [
      51000,
      1404.058956916103
    ],
    "untitled-20": [
      54000,
      1694.535147392287
    ],
    "untitled-21": [
      57000,
      1040.9297052154188
    ],
    "untitled-22": [
      60000,
      1258.798185941046
    ],
    "untitled-23": [
      63000,
      968.321995464855
    ],
    "untitled-24": [
      65000,
      944.104308390024
    ],
    "untitled-25": [
      67000,
      1258.798185941046
    ],
    "untitled-26": [
      70000,
      1186.1678004535179
    ],
    "untitled-27": [
      73000,
      1379.8185941043073
    ],
    "untitled-28": [
      76000,
      1476.6666666666595
    ],
    "untitled-29": [
      79000,
      992.5170068027143
    ],
    "untitled-30": [
      81000,
      992.5170068027143
    ],
    "untitled-31": [
      83000,
      871.4739229024957
    ],
    "untitled-32": [
      85000,
      895.6689342403621
    ],
    "untitled-33": [
      87000,
      968.2993197278904
    ],
    "untitled-34": [
      89000,
      992.5170068027143
    ],
    "untitled-35": [
      91000,
      919.886621315186
    ],
    "untitled-36": [
      93000,
      1186.1904761904752
    ],
    "untitled-37": [
      96000,
      1089.3650793650806
    ],
    "untitled-38": [
      99000,
      919.886621315186
    ],
    "untitled-39": [
      101000,
      968.2993197278904
    ],
    "untitled-40": [
      103000,
      1065.1473922902426
    ],
    "untitled-41": [
      106000,
      895.6916099773196
    ],
    "untitled-42": [
      108000,
      1065.124716553285
    ],
    "untitled-43": [
      111000,
      1137.777777777771
    ],
    "untitled-44": [
      114000,
      1016.7346938775523
    ],
    "untitled-45": [
      117000,
      823.0612244897912
    ],
    "untitled-46": [
      119000,
      1065.124716553285
    ],
    "untitled-47": [
      122000,
      750.4535147392346
    ],
    "untitled-48": [
      124000,
      919.886621315186
    ],
    "untitled-49": [
      126000,
      1040.9523809523762
    ],
    "untitled-50": [
      129000,
      944.104308390024
    ],
    "untitled-51": [
      131000,
      847.2789115646151
    ],
    "untitled-52": [
      133000,
      968.3219954648621
    ],
    "untitled-53": [
      135000,
      1113.560090702947
    ],
    "untitled-54": [
      138000,
      1089.342403628109
    ],
    "untitled-55": [
      141000,
      1113.560090702947
    ],
    "untitled-56": [
      144000,
      1137.7551020408134
    ],
    "untitled-57": [
      147000,
      1113.5374149659754
    ]
  }
}