{
  "src": [
    "de1_13.mp3"
  ],
  "sprite": {
    "untitled-01": [
      0,
      1226.5532879818595
    ],
    "untitled-02": [
      3000,
      1007.5283446712016
    ],
    "untitled-03": [
      6000,
      1292.2675736961455
    ],
    "untitled-04": [
      9000,
      1095.147392290249
    ],
    "untitled-05": [
      12000,
      1248.4580498866221
    ],
    "untitled-06": [
      15000,
      854.1950113378682
    ],
    "untitled-07": [
      17000,
      635.170068027211
    ],
    "untitled-08": [
      19000,
      547.5510204081644
    ],
    "untitled-09": [
      21000,
      985.6235827664399
    ],
    "untitled-10": [
      23000,
      13952.018140589573
    ],
    "untitled-11": [
      38000,
      1073.2426303854866
    ],
    "untitled-12": [
      41000,
      1029.4104308390004
    ],
    "untitled-13": [
      44000,
      854.1950113378718
    ],
    "untitled-14": [
      46000,
      8410.634920634919
    ],
    "untitled-15": [
      56000,
      1445.5782312925153
    ],
    "untitled-16": [
      59000,
      1620.7936507936508
    ],
    "untitled-17": [
      62000,
      898.0045351473933
    ],
    "untitled-18": [
      64000,
      919.9092970521576
    ],
    "untitled-19": [
      66000,
      1138.9342403628148
    ],
    "untitled-20": [
      69000,
      985.6235827664364
    ],
    "untitled-21": [
      71000,
      1182.7437641723293
    ],
    "untitled-22": [
      74000,
      1204.6485260770937
    ],
    "untitled-23": [
      77000,
      6592.721088435368
    ],
    "untitled-24": [
      85000,
      5497.573696145125
    ],
    "untitled-25": [
      92000,
      1073.219954648522
    ],
    "untitled-26": [
      95000,
      3526.3265306122375
    ],
    "untitled-27": [
      100000,
      13229.251700680266
    ],
    "untitled-28": [
      115000,
      1423.6734693877509
    ],
    "untitled-29": [
      118000,
      3920.5895691609953
    ],
    "untitled-30": [
      123000,
      985.6235827664364
    ],
    "untitled-31": [
      125000,
      898.0045351473933
    ],
    "untitled-32": [
      127000,
      1314.1496598639435
    ],
    "untitled-33": [
      130000,
      7753.560090702933
    ],
    "untitled-34": [
      139000,
      1292.2675736961367
    ],
    "untitled-35": [
      142000,
      1117.0294784580506
    ],
    "untitled-36": [
      145000,
      1292.2675736961367
    ],
    "untitled-37": [
      148000,
      8958.20861678004
    ],
    "untitled-38": [
      158000,
      1226.553287981858
    ],
    "untitled-39": [
      161000,
      1336.0770975056653
    ],
    "untitled-40": [
      164000,
      1117.0294784580506
    ],
    "untitled-41": [
      167000,
      6351.791383219961
    ],
    "untitled-42": [
      175000,
      1445.5782312925294
    ],
    "untitled-43": [
      178000,
      1489.3877551020296
    ],
    "untitled-44": [
      181000,
      1598.8888888888937
    ],
    "untitled-45": [
      184000,
      3351.111111111123
    ],
    "untitled-46": [
      189000,
      1489.3877551020296
    ],
    "untitled-47": [
      192000,
      1226.5306122448862
    ],
    "untitled-48": [
      195000,
      1270.3628117913865
    ],
    "untitled-49": [
      198000,
      1204.6485260771078
    ],
    "untitled-50": [
      201000,
      17982.10884353742
    ],
    "untitled-51": [
      220000,
      6986.961451247169
    ],
    "untitled-52": [
      228000,
      1182.7437641723293
    ],
    "untitled-53": [
      231000,
      1182.7437641723293
    ],
    "untitled-54": [
      234000,
      1314.1496598639435
    ],
    "untitled-55": [
      237000,
      1445.5782312925294
    ],
    "untitled-56": [
      240000,
      1664.625850340144
    ],
    "untitled-57": [
      243000,
      2759.7505668934164
    ],
    "untitled-58": [
      247000,
      1839.8185941043153
    ],
    "untitled-59": [
      250000,
      1182.7437641723293
    ],
    "untitled-60": [
      253000,
      1445.5782312925294
    ]
  }
}