{
  "src": [
    "de1_7.mp3"
  ],
  "sprite": {
    "untitled-01": [
      0,
      1093.6281179138323
    ],
    "untitled-02": [
      3000,
      1367.0521541950116
    ],
    "untitled-03": [
      6000,
      1139.206349206349
    ],
    "untitled-04": [
      9000,
      1002.4943310657601
    ],
    "untitled-05": [
      12000,
      1002.4943310657601
    ],
    "untitled-06": [
      15000,
      1002.4943310657584
    ],
    "untitled-07": [
      18000,
      1412.6303854875282
    ],
    "untitled-08": [
      21000,
      956.9387755102027
    ],
    "untitled-09": [
      23000,
      1093.6281179138305
    ],
    "untitled-10": [
      26000,
      1184.7845804988672
    ],
    "untitled-11": [
      29000,
      1367.0294784580506
    ],
    "untitled-12": [
      32000,
      1139.206349206347
    ],
    "untitled-13": [
      35000,
      1275.8956916099748
    ],
    "untitled-14": [
      38000,
      1275.8956916099748
    ],
    "untitled-15": [
      41000,
      1093.6281179138305
    ],
    "untitled-16": [
      44000,
      1230.3401360544228
    ],
    "untitled-17": [
      47000,
      1139.206349206347
    ],
    "untitled-18": [
      50000,
      1275.8956916099748
    ],
    "untitled-19": [
      53000,
      1412.6303854875318
    ],
    "untitled-20": [
      56000,
      1093.6281179138305
    ],
    "untitled-21": [
      59000,
      1048.0725623582784
    ],
    "untitled-22": [
      62000,
      1093.6281179138305
    ],
    "untitled-23": [
      65000,
      1184.7845804988708
    ],
    "untitled-24": [
      68000,
      1184.7845804988708
    ],
    "untitled-25": [
      71000,
      1184.7619047618991
    ],
    "untitled-26": [
      74000,
      865.8049886621342
    ],
    "untitled-27": [
      76000,
      1093.650793650795
    ],
    "untitled-28": [
      79000,
      1230.3401360544228
    ],
    "untitled-29": [
      82000,
      1093.650793650795
    ],
    "untitled-30": [
      85000,
      1686.0317460317447
    ],
    "untitled-31": [
      88000,
      1093.6281179138377
    ],
    "untitled-32": [
      91000,
      1093.6281179138377
    ],
    "untitled-33": [
      94000,
      1321.4739229024985
    ],
    "untitled-34": [
      97000,
      1184.7845804988708
    ],
    "untitled-35": [
      100000,
      1184.7619047618991
    ],
    "untitled-36": [
      103000,
      1048.0725623582714
    ],
    "untitled-37": [
      106000,
      1139.1836734693898
    ],
    "untitled-38": [
      109000,
      1321.4739229024985
    ],
    "untitled-39": [
      112000,
      4010.000000000005
    ],
    "untitled-40": [
      118000,
      1230.3401360544228
    ],
    "untitled-41": [
      121000,
      1367.0294784580506
    ],
    "untitled-42": [
      124000,
      7063.061224489786
    ],
    "untitled-43": [
      133000,
      1503.74149659865
    ],
    "untitled-44": [
      136000,
      1868.299319727896
    ],
    "untitled-45": [
      139000,
      1321.4739229024985
    ],
    "untitled-46": [
      142000,
      1367.0294784580506
    ],
    "untitled-47": [
      145000,
      1275.9183673469465
    ],
    "untitled-48": [
      148000,
      1139.206349206347
    ],
    "untitled-49": [
      151000,
      1093.650793650795
    ],
    "untitled-50": [
      154000,
      1002.4943310657477
    ],
    "untitled-51": [
      157000,
      1412.6077097505743
    ],
    "untitled-52": [
      160000,
      1139.206349206347
    ],
    "untitled-53": [
      163000,
      1048.0725623582714
    ],
    "untitled-54": [
      166000,
      1048.0725623582714
    ],
    "untitled-55": [
      169000,
      1139.206349206347
    ],
    "untitled-56": [
      172000,
      1503.74149659865
    ],
    "untitled-57": [
      175000,
      1275.9183673469465
    ],
    "untitled-58": [
      178000,
      1549.3197278911452
    ],
    "untitled-59": [
      181000,
      1321.4739229024985
    ],
    "untitled-60": [
      184000,
      1367.0521541950222
    ],
    "untitled-61": [
      187000,
      3417.6190476190413
    ],
    "untitled-62": [
      192000,
      2506.2358276643977
    ],
    "untitled-63": [
      196000,
      1321.4739229024985
    ],
    "untitled-64": [
      199000,
      4420.113378684818
    ],
    "untitled-65": [
      205000,
      956.9387755101957
    ],
    "untitled-66": [
      207000,
      7108.63945578231
    ],
    "untitled-67": [
      216000,
      6242.857142857133
    ],
    "untitled-68": [
      224000,
      10252.834467120181
    ],
    "untitled-69": [
      236000,
      9022.494331065758
    ],
    "untitled-70": [
      247000,
      8703.514739229035
    ],
    "untitled-71": [
      257000,
      8931.360544217681
    ],
    "untitled-72": [
      267000,
      9295.918367346929
    ],
    "untitled-73": [
      278000,
      1412.6077097505458
    ],
    "untitled-74": [
      281000,
      956.9387755101957
    ],
    "untitled-75": [
      283000,
      956.9387755101957
    ],
    "untitled-76": [
      285000,
      865.7823129251483
    ],
    "untitled-77": [
      287000,
      1048.0725623582998
    ]
  }
}