{
  "src": [
    "de1_9.mp3"
  ],
  "sprite": {
    "untitled-01": [
      0,
      1128.798185941043
    ],
    "untitled-02": [
      3000,
      1038.5034013605443
    ],
    "untitled-03": [
      6000,
      1219.1156462585031
    ],
    "untitled-04": [
      9000,
      6005.283446712017
    ],
    "untitled-05": [
      17000,
      1354.5578231292516
    ],
    "untitled-06": [
      20000,
      1264.2630385487514
    ],
    "untitled-07": [
      23000,
      1399.7278911564629
    ],
    "untitled-08": [
      26000,
      6456.825396825394
    ],
    "untitled-09": [
      34000,
      1128.8208616780012
    ],
    "untitled-10": [
      37000,
      5644.081632653062
    ],
    "untitled-11": [
      44000,
      1535.1700680272131
    ],
    "untitled-12": [
      47000,
      1490.0226757369594
    ],
    "untitled-13": [
      50000,
      8624.149659863946
    ],
    "untitled-14": [
      60000,
      19235.011337868484
    ],
    "untitled-15": [
      81000,
      1309.4331065759661
    ],
    "untitled-16": [
      84000,
      857.913832199543
    ],
    "untitled-17": [
      86000,
      3115.532879818588
    ],
    "untitled-18": [
      91000,
      1219.1156462585013
    ],
    "untitled-19": [
      94000,
      993.3560090702969
    ],
    "untitled-20": [
      96000,
      1354.5804988662126
    ],
    "untitled-21": [
      99000,
      3702.4943310657645
    ],
    "untitled-22": [
      104000,
      7043.809523809528
    ],
    "untitled-23": [
      113000,
      1580.3401360544171
    ],
    "untitled-24": [
      116000,
      1128.8208616780082
    ],
    "untitled-25": [
      119000,
      6095.600907029479
    ],
    "untitled-26": [
      127000,
      13681.24716553288
    ],
    "untitled-27": [
      142000,
      1264.263038548762
    ],
    "untitled-28": [
      145000,
      6863.197278911571
    ],
    "untitled-29": [
      153000,
      4831.337868480716
    ],
    "untitled-30": [
      159000,
      948.2086167800503
    ],
    "untitled-31": [
      161000,
      993.3560090702827
    ],
    "untitled-32": [
      163000,
      4921.632653061238
    ],
    "untitled-33": [
      169000,
      6140.748299319739
    ],
    "untitled-34": [
      177000,
      11242.993197278905
    ],
    "untitled-35": [
      190000,
      903.0612244897895
    ],
    "untitled-36": [
      192000,
      948.2086167800503
    ],
    "untitled-37": [
      194000,
      1444.87528344672
    ],
    "untitled-38": [
      197000,
      1309.4104308389944
    ],
    "untitled-39": [
      200000,
      1354.580498866227
    ],
    "untitled-40": [
      203000,
      1219.1156462585013
    ],
    "untitled-41": [
      206000,
      1354.580498866227
    ],
    "untitled-42": [
      209000,
      1173.9682539682406
    ],
    "untitled-43": [
      212000,
      7269.59183673469
    ],
    "untitled-44": [
      221000,
      1670.657596371882
    ],
    "untitled-45": [
      224000,
      7450.181405895705
    ],
    "untitled-46": [
      233000,
      1173.9682539682406
    ],
    "untitled-47": [
      236000,
      7134.104308390022
    ],
    "untitled-48": [
      245000,
      3567.052154195011
    ],
    "untitled-49": [
      250000,
      1128.7981859410365
    ],
    "untitled-50": [
      253000,
      948.2086167800503
    ],
    "untitled-51": [
      255000,
      1219.1383219954446
    ]
  }
}