{
  "src": [
    "de1_6.mp3"
  ],
  "sprite": {
    "untitled-01": [
      0,
      1064.4897959183675
    ],
    "untitled-02": [
      3000,
      765.4875283446713
    ],
    "untitled-03": [
      5000,
      897.052154195011
    ],
    "untitled-04": [
      7000,
      741.5646258503399
    ],
    "untitled-05": [
      9000,
      932.9478458049891
    ],
    "untitled-06": [
      11000,
      753.5374149659866
    ],
    "untitled-07": [
      13000,
      885.0793650793652
    ],
    "untitled-08": [
      15000,
      944.897959183674
    ],
    "untitled-09": [
      17000,
      956.8480725623588
    ],
    "untitled-10": [
      19000,
      6674.036281179137
    ],
    "untitled-11": [
      27000,
      7678.752834467119
    ],
    "untitled-12": [
      36000,
      11984.580498866215
    ],
    "untitled-13": [
      49000,
      550.1814058956925
    ],
    "untitled-14": [
      51000,
      741.5646258503373
    ],
    "untitled-15": [
      53000,
      598.0272108843536
    ],
    "untitled-16": [
      55000,
      681.7460317460302
    ],
    "untitled-17": [
      57000,
      837.2335600907022
    ],
    "untitled-18": [
      59000,
      849.206349206348
    ],
    "untitled-19": [
      61000,
      1363.514739229025
    ],
    "untitled-20": [
      64000,
      1243.9002267573755
    ],
    "untitled-21": [
      67000,
      789.387755102041
    ],
    "untitled-22": [
      69000,
      753.5374149659901
    ],
    "untitled-23": [
      71000,
      657.8231292516961
    ],
    "untitled-24": [
      73000,
      657.8458049886677
    ],
    "untitled-25": [
      75000,
      1638.6167800453536
    ],
    "untitled-26": [
      78000,
      909.024943310655
    ],
    "untitled-27": [
      80000,
      813.3333333333326
    ],
    "untitled-28": [
      82000,
      729.614512471656
    ],
    "untitled-29": [
      84000,
      849.2063492063551
    ],
    "untitled-30": [
      86000,
      897.0521541950092
    ],
    "untitled-31": [
      88000,
      753.5147392290185
    ],
    "untitled-32": [
      90000,
      801.3605442176868
    ],
    "untitled-33": [
      92000,
      681.7687074829877
    ],
    "untitled-34": [
      94000,
      873.129251700675
    ],
    "untitled-35": [
      96000,
      1028.616780045354
    ],
    "untitled-36": [
      99000,
      753.5147392290185
    ],
    "untitled-37": [
      101000,
      956.8480725623516
    ],
    "untitled-38": [
      103000,
      753.5374149659901
    ],
    "untitled-39": [
      105000,
      861.1564625850292
    ],
    "untitled-40": [
      107000,
      5968.367346938777
    ],
    "untitled-41": [
      114000,
      968.8208616780116
    ],
    "untitled-42": [
      116000,
      1889.7959183673406
    ]
  }
}