{
  "src": [
    "de1_17.mp3"
  ],
  "sprite": {
    "untitled-01": [
      0,
      790.453514739229
    ],
    "untitled-02": [
      2000,
      1069.455782312925
    ],
    "untitled-03": [
      5000,
      8881.133786848073
    ],
    "untitled-04": [
      15000,
      11717.50566893424
    ],
    "untitled-05": [
      28000,
      976.4625850340138
    ],
    "untitled-06": [
      30000,
      1255.4648526077087
    ],
    "untitled-07": [
      33000,
      4649.795918367346
    ],
    "untitled-08": [
      39000,
      1394.9433106575952
    ],
    "untitled-09": [
      42000,
      1208.9569160997726
    ],
    "untitled-10": [
      45000,
      1348.435374149659
    ],
    "untitled-11": [
      48000,
      19622.17687074829
    ],
    "untitled-12": [
      69000,
      17483.287981859405
    ],
    "untitled-13": [
      88000,
      1162.4489795918435
    ],
    "untitled-14": [
      91000,
      1162.4489795918435
    ],
    "untitled-15": [
      94000,
      1301.9501133786803
    ],
    "untitled-16": [
      97000,
      1301.9501133786803
    ],
    "untitled-17": [
      100000,
      1208.934240362808
    ],
    "untitled-18": [
      103000,
      790.4761904761841
    ],
    "untitled-19": [
      105000,
      1022.9478458049925
    ],
    "untitled-20": [
      108000,
      976.4625850340138
    ],
    "untitled-21": [
      110000,
      1208.9569160997798
    ],
    "untitled-22": [
      113000,
      1255.4421768707443
    ],
    "untitled-23": [
      116000,
      1208.9569160997798
    ],
    "untitled-24": [
      119000,
      1162.4489795918435
    ],
    "untitled-25": [
      122000,
      929.9546485260777
    ],
    "untitled-26": [
      124000,
      3394.3537414966017
    ],
    "untitled-27": [
      129000,
      836.9614512471628
    ],
    "untitled-28": [
      131000,
      929.9546485260635
    ],
    "untitled-29": [
      133000,
      1162.4489795918294
    ],
    "untitled-30": [
      136000,
      13949.433106575952
    ],
    "untitled-31": [
      151000,
      1487.936507936496
    ],
    "untitled-32": [
      154000,
      14088.911564625847
    ],
    "untitled-33": [
      170000,
      1580.929705215425
    ],
    "untitled-34": [
      173000,
      1255.4421768707584
    ],
    "untitled-35": [
      176000,
      9904.104308390031
    ],
    "untitled-36": [
      187000,
      5579.773242630381
    ],
    "untitled-37": [
      194000,
      1208.9342403628223
    ],
    "untitled-38": [
      197000,
      1394.9433106575952
    ],
    "untitled-39": [
      200000,
      1348.4580498866308
    ],
    "untitled-40": [
      203000,
      1022.9705215419358
    ],
    "untitled-41": [
      206000,
      16460.31746031747
    ],
    "untitled-42": [
      224000,
      1162.4489795918294
    ],
    "untitled-43": [
      227000,
      15855.850340136043
    ],
    "untitled-44": [
      244000,
      10787.551020408158
    ],
    "untitled-45": [
      256000,
      883.469387755099
    ],
    "untitled-46": [
      258000,
      14879.365079365072
    ],
    "untitled-47": [
      274000,
      6323.7188208617
    ],
    "untitled-48": [
      282000,
      13344.943310657583
    ]
  }
}