{
  "src": [
    "de1_12.mp3"
  ],
  "sprite": {
    "untitled-01": [
      0,
      1227.4603174603174
    ],
    "untitled-02": [
      3000,
      13774.87528344671
    ],
    "untitled-03": [
      18000,
      8012.607709750569
    ],
    "untitled-04": [
      28000,
      954.6938775510192
    ],
    "untitled-05": [
      30000,
      1125.1700680272095
    ],
    "untitled-06": [
      33000,
      15650.181405895693
    ],
    "untitled-07": [
      50000,
      1125.1700680272095
    ],
    "untitled-08": [
      53000,
      1329.7505668934236
    ],
    "untitled-09": [
      56000,
      1534.3310657596376
    ],
    "untitled-10": [
      59000,
      8080.816326530609
    ],
    "untitled-11": [
      69000,
      26083.62811791383
    ],
    "untitled-12": [
      97000,
      988.7981859410502
    ],
    "untitled-13": [
      99000,
      12138.253968253963
    ],
    "untitled-14": [
      113000,
      1091.0884353741467
    ],
    "untitled-15": [
      116000,
      16161.632653061219
    ],
    "untitled-16": [
      134000,
      1056.9841269841334
    ],
    "untitled-17": [
      137000,
      16161.632653061219
    ],
    "untitled-18": [
      155000,
      1091.0884353741608
    ],
    "untitled-19": [
      158000,
      1193.3560090702997
    ],
    "untitled-20": [
      161000,
      1091.0884353741608
    ],
    "untitled-21": [
      164000,
      1534.3310657596305
    ],
    "untitled-22": [
      167000,
      1363.8321995464935
    ],
    "untitled-23": [
      170000,
      1125.1700680272165
    ],
    "untitled-24": [
      173000,
      3307.324263038538
    ],
    "untitled-25": [
      178000,
      1329.7505668934377
    ],
    "untitled-26": [
      181000,
      3648.2993197278975
    ],
    "untitled-27": [
      186000,
      1261.5646258503261
    ],
    "untitled-28": [
      189000,
      20798.707482993195
    ],
    "untitled-29": [
      211000,
      1091.0884353741608
    ],
    "untitled-30": [
      214000,
      15820.657596371888
    ],
    "untitled-31": [
      231000,
      1159.274376417244
    ],
    "untitled-32": [
      234000,
      24685.66893424037
    ],
    "untitled-33": [
      260000,
      1056.984126984105
    ],
    "untitled-34": [
      263000,
      1329.7505668934377
    ],
    "untitled-35": [
      266000,
      1363.8548752834367
    ],
    "untitled-36": [
      269000,
      954.6938775509943
    ],
    "untitled-37": [
      271000,
      14968.253968253975
    ],
    "untitled-38": [
      287000,
      17457.27891156463
    ],
    "untitled-39": [
      306000,
      1193.3786848072714
    ],
    "untitled-40": [
      309000,
      1056.984126984105
    ],
    "untitled-41": [
      312000,
      9819.727891156446
    ],
    "untitled-42": [
      323000,
      16332.108843537411
    ],
    "untitled-43": [
      341000,
      1022.8798185941059
    ],
    "untitled-44": [
      344000,
      1125.1700680272165
    ],
    "untitled-45": [
      347000,
      1329.7505668934377
    ],
    "untitled-46": [
      350000,
      1125.1700680272165
    ],
    "untitled-47": [
      353000,
      4091.564625850367
    ],
    "untitled-48": [
      359000,
      1432.0408163265483
    ],
    "untitled-49": [
      362000,
      1022.8798185941059
    ],
    "untitled-50": [
      365000,
      12308.752834467101
    ],
    "untitled-51": [
      379000,
      1125.1700680272165
    ],
    "untitled-52": [
      382000,
      2420.8163265305984
    ],
    "untitled-53": [
      386000,
      3034.557823129262
    ]
  }
}