{
  "src": [
    "de1_15.mp3"
  ],
  "sprite": {
    "untitled-01": [
      0,
      828.843537414966
    ],
    "untitled-02": [
      2000,
      23057.36961451247
    ],
    "untitled-03": [
      27000,
      21814.0589569161
    ],
    "untitled-04": [
      50000,
      8401.632653061228
    ],
    "untitled-05": [
      60000,
      1356.3265306122432
    ],
    "untitled-06": [
      63000,
      22492.222222222226
    ],
    "untitled-07": [
      87000,
      16727.89115646259
    ],
    "untitled-08": [
      105000,
      1695.396825396827
    ],
    "untitled-09": [
      108000,
      1695.396825396827
    ],
    "untitled-10": [
      111000,
      8363.945578231294
    ],
    "untitled-11": [
      121000,
      9983.990929705215
    ],
    "untitled-12": [
      132000,
      18800.045351473927
    ],
    "untitled-13": [
      152000,
      1846.0997732426279
    ],
    "untitled-14": [
      155000,
      1431.6780045351436
    ],
    "untitled-15": [
      158000,
      1657.7097505668803
    ],
    "untitled-16": [
      161000,
      1733.061224489802
    ],
    "untitled-17": [
      164000,
      1393.990929705211
    ],
    "untitled-18": [
      167000,
      1431.655328798172
    ],
    "untitled-19": [
      170000,
      1280.9750566893285
    ],
    "untitled-20": [
      173000,
      1280.9750566893285
    ],
    "untitled-21": [
      176000,
      1318.6394557823178
    ],
    "untitled-22": [
      179000,
      19176.80272108845
    ],
    "untitled-23": [
      200000,
      1657.7097505668803
    ],
    "untitled-24": [
      203000,
      1808.435374149667
    ],
    "untitled-25": [
      206000,
      1657.7097505668803
    ],
    "untitled-26": [
      209000,
      1620.0453514739195
    ],
    "untitled-27": [
      212000,
      1431.655328798172
    ],
    "untitled-28": [
      215000,
      1318.6394557823178
    ],
    "untitled-29": [
      218000,
      2222.8571428571513
    ],
    "untitled-30": [
      222000,
      1507.0068027210937
    ],
    "untitled-31": [
      225000,
      1431.655328798172
    ],
    "untitled-32": [
      228000,
      1695.3968253968128
    ],
    "untitled-33": [
      231000,
      1657.732426303852
    ],
    "untitled-34": [
      234000,
      1770.7482993197345
    ],
    "untitled-35": [
      237000,
      1544.6938775510262
    ],
    "untitled-36": [
      240000,
      1393.990929705211
    ],
    "untitled-37": [
      243000,
      1507.029478458037
    ],
    "untitled-38": [
      246000,
      4445.691609977331
    ],
    "untitled-39": [
      252000,
      10021.655328798204
    ],
    "untitled-40": [
      264000,
      8062.539682539693
    ],
    "untitled-41": [
      274000,
      1356.303854875307
    ],
    "untitled-42": [
      277000,
      1356.3265306122503
    ],
    "untitled-43": [
      280000,
      1356.3265306122503
    ],
    "untitled-44": [
      283000,
      1507.0068027210937
    ],
    "untitled-45": [
      286000,
      5726.666666666688
    ],
    "untitled-46": [
      293000,
      18159.569160997762
    ],
    "untitled-47": [
      313000,
      1544.6938775510262
    ],
    "untitled-48": [
      316000,
      1883.7641723355887
    ],
    "untitled-49": [
      319000,
      2599.6145124716463
    ],
    "untitled-50": [
      323000,
      1996.802721088443
    ]
  }
}