{
  "src": [
    "de1_18.mp3"
  ],
  "sprite": {
    "untitled-01": [
      0,
      5841.519274376417
    ],
    "untitled-02": [
      7000,
      1507.4829931972786
    ],
    "untitled-03": [
      10000,
      5087.777777777777
    ],
    "untitled-04": [
      17000,
      5653.083900226758
    ],
    "untitled-05": [
      24000,
      5653.061224489797
    ],
    "untitled-06": [
      31000,
      5150.589569160999
    ],
    "untitled-07": [
      38000,
      1067.8004535147422
    ],
    "untitled-08": [
      41000,
      13064.897959183674
    ],
    "untitled-09": [
      56000,
      1004.9886621315168
    ],
    "untitled-10": [
      59000,
      879.3650793650797
    ],
    "untitled-11": [
      61000,
      1004.9886621315168
    ],
    "untitled-12": [
      64000,
      1381.8820861678064
    ],
    "untitled-13": [
      67000,
      1130.6122448979609
    ],
    "untitled-14": [
      70000,
      1067.8004535147352
    ],
    "untitled-15": [
      73000,
      1193.4240362811863
    ],
    "untitled-16": [
      76000,
      1256.2358276643977
    ],
    "untitled-17": [
      79000,
      1130.6349206349182
    ],
    "untitled-18": [
      82000,
      1256.2358276643977
    ],
    "untitled-19": [
      85000,
      1381.8594104308345
    ],
    "untitled-20": [
      88000,
      1381.8594104308345
    ],
    "untitled-21": [
      91000,
      1381.8820861678064
    ],
    "untitled-22": [
      94000,
      1130.6122448979609
    ],
    "untitled-23": [
      97000,
      1193.4240362811863
    ],
    "untitled-24": [
      100000,
      1256.2358276643977
    ],
    "untitled-25": [
      103000,
      1130.6122448979609
    ],
    "untitled-26": [
      106000,
      1319.0702947845807
    ],
    "untitled-27": [
      109000,
      1067.8004535147352
    ],
    "untitled-28": [
      112000,
      24245.396825396823
    ],
    "untitled-29": [
      138000,
      1193.4240362811863
    ],
    "untitled-30": [
      141000,
      16017.029478458056
    ],
    "untitled-31": [
      159000,
      1256.2358276643977
    ],
    "untitled-32": [
      162000,
      1381.8594104308488
    ],
    "untitled-33": [
      165000,
      5150.589569160985
    ],
    "untitled-34": [
      172000,
      1130.6122448979465
    ],
    "untitled-35": [
      175000,
      1130.6122448979465
    ],
    "untitled-36": [
      178000,
      1319.047619047609
    ],
    "untitled-37": [
      181000,
      1067.8004535147352
    ],
    "untitled-38": [
      184000,
      1256.2358276643977
    ],
    "untitled-39": [
      187000,
      1381.8594104308488
    ],
    "untitled-40": [
      190000,
      1319.047619047609
    ],
    "untitled-41": [
      193000,
      6532.426303854862
    ],
    "untitled-42": [
      201000,
      8102.743764172345
    ],
    "untitled-43": [
      211000,
      1193.4240362811863
    ],
    "untitled-44": [
      214000,
      1256.2358276643977
    ],
    "untitled-45": [
      217000,
      628.1179138321988
    ]
  }
}