{
  "src": [
    "de1_14.mp3"
  ],
  "sprite": {
    "untitled-01": [
      0,
      1010.9750566893425
    ],
    "untitled-02": [
      3000,
      945.7596371882087
    ],
    "untitled-03": [
      5000,
      1255.5555555555554
    ],
    "untitled-04": [
      8000,
      1206.643990929706
    ],
    "untitled-05": [
      11000,
      1059.9092970521547
    ],
    "untitled-06": [
      14000,
      1337.0975056689342
    ],
    "untitled-07": [
      17000,
      1190.34013605442
    ],
    "untitled-08": [
      20000,
      1271.8594104308388
    ],
    "untitled-09": [
      23000,
      1255.5782312925176
    ],
    "untitled-10": [
      26000,
      1271.8594104308388
    ],
    "untitled-11": [
      29000,
      1125.1247165532873
    ],
    "untitled-12": [
      32000,
      994.6712018140573
    ],
    "untitled-13": [
      34000,
      1549.0929705215422
    ],
    "untitled-14": [
      37000,
      587.006802721092
    ],
    "untitled-15": [
      39000,
      733.7868480725617
    ],
    "untitled-16": [
      41000,
      945.7596371882105
    ],
    "untitled-17": [
      43000,
      766.3945578231264
    ],
    "untitled-18": [
      45000,
      1108.7981859410406
    ],
    "untitled-19": [
      48000,
      994.6712018140573
    ],
    "untitled-20": [
      50000,
      798.9795918367336
    ],
    "untitled-21": [
      52000,
      1027.278911564629
    ],
    "untitled-22": [
      55000,
      1353.4013605442183
    ],
    "untitled-23": [
      58000,
      1222.9478458049882
    ],
    "untitled-24": [
      61000,
      3701.473922902494
    ],
    "untitled-25": [
      66000,
      18050.770975056694
    ],
    "untitled-26": [
      86000,
      962.0634920634927
    ],
    "untitled-27": [
      88000,
      1271.8820861678068
    ],
    "untitled-28": [
      91000,
      913.1519274376387
    ],
    "untitled-29": [
      93000,
      587.006802721092
    ],
    "untitled-30": [
      95000,
      913.1519274376387
    ],
    "untitled-31": [
      97000,
      1076.2131519274335
    ],
    "untitled-32": [
      100000,
      14920.000000000002
    ],
    "untitled-33": [
      116000,
      5756.031746031752
    ],
    "untitled-34": [
      123000,
      8218.231292517004
    ],
    "untitled-35": [
      133000,
      3929.750566893432
    ],
    "untitled-36": [
      138000,
      1010.9750566893467
    ],
    "untitled-37": [
      141000,
      994.6712018140715
    ],
    "untitled-38": [
      143000,
      1222.9478458049812
    ],
    "untitled-39": [
      146000,
      864.2403628117847
    ],
    "untitled-40": [
      148000,
      1141.405895691605
    ],
    "untitled-41": [
      151000,
      1125.1247165533016
    ],
    "untitled-42": [
      154000,
      815.3061224489875
    ],
    "untitled-43": [
      156000,
      978.3673469387679
    ],
    "untitled-44": [
      158000,
      831.6099773242627
    ],
    "untitled-45": [
      160000,
      5022.244897959183
    ],
    "untitled-46": [
      167000,
      913.129251700667
    ],
    "untitled-47": [
      169000,
      1125.1247165533016
    ],
    "untitled-48": [
      172000,
      831.6099773242627
    ],
    "untitled-49": [
      174000,
      1010.9750566893467
    ],
    "untitled-50": [
      177000,
      652.2448979591786
    ],
    "untitled-51": [
      179000,
      799.0022675736839
    ],
    "untitled-52": [
      181000,
      929.4331065759707
    ],
    "untitled-53": [
      183000,
      2641.587301587293
    ],
    "untitled-54": [
      187000,
      3049.2290249433154
    ],
    "untitled-55": [
      192000,
      1076.190476190476
    ],
    "untitled-56": [
      195000,
      3261.20181405895
    ]
  }
}