{
  "src": [
    "de1_4.mp3"
  ],
  "sprite": {
    "untitled-01": [
      0,
      1245.2154195011337
    ],
    "untitled-02": [
      3000,
      1743.3333333333333
    ],
    "untitled-03": [
      6000,
      1328.2539682539677
    ],
    "untitled-04": [
      9000,
      1660.2947845804988
    ],
    "untitled-05": [
      12000,
      2075.374149659865
    ],
    "untitled-06": [
      16000,
      1577.3015873015872
    ],
    "untitled-07": [
      19000,
      1577.3015873015872
    ],
    "untitled-08": [
      22000,
      1909.3424036281162
    ],
    "untitled-09": [
      25000,
      1992.3582766439906
    ],
    "untitled-10": [
      28000,
      1909.3424036281162
    ],
    "untitled-11": [
      31000,
      1909.3650793650809
    ],
    "untitled-12": [
      34000,
      1577.3015873015906
    ],
    "untitled-13": [
      37000,
      1826.3492063492067
    ],
    "untitled-14": [
      40000,
      1245.215419501136
    ],
    "untitled-15": [
      43000,
      1201.6099773242602
    ],
    "untitled-16": [
      46000,
      1321.7913832199529
    ],
    "untitled-17": [
      49000,
      1161.5873015873035
    ],
    "untitled-18": [
      52000,
      1201.6326530612246
    ],
    "untitled-19": [
      55000,
      881.2018140589544
    ],
    "untitled-20": [
      57000,
      1522.063492063495
    ],
    "untitled-21": [
      60000,
      1361.8367346938812
    ],
    "untitled-22": [
      63000,
      1201.6326530612246
    ],
    "untitled-23": [
      66000,
      841.1337868480757
    ],
    "untitled-24": [
      68000,
      1041.4058956916108
    ],
    "untitled-25": [
      71000,
      1241.7006802721035
    ],
    "untitled-26": [
      74000,
      5807.86848072563
    ],
    "untitled-27": [
      81000,
      6649.002267573693
    ],
    "untitled-28": [
      89000,
      1401.8820861678023
    ],
    "untitled-29": [
      92000,
      1081.451247165532
    ],
    "untitled-30": [
      95000,
      1241.6780045351459
    ],
    "untitled-31": [
      98000,
      1041.4058956916108
    ],
    "untitled-32": [
      101000,
      1642.222222222216
    ],
    "untitled-33": [
      104000,
      1321.79138321996
    ],
    "untitled-34": [
      107000,
      1161.5646258503461
    ],
    "untitled-35": [
      110000,
      1401.8820861678023
    ],
    "untitled-36": [
      113000,
      5847.93650793651
    ],
    "untitled-37": [
      120000,
      6649.002267573693
    ],
    "untitled-38": [
      128000,
      921.2471655328898
    ],
    "untitled-39": [
      130000,
      1041.4058956916108
    ],
    "untitled-40": [
      133000,
      1281.7233560090813
    ],
    "untitled-41": [
      136000,
      1241.6780045351459
    ],
    "untitled-42": [
      139000,
      1321.79138321996
    ],
    "untitled-43": [
      142000,
      1482.0181405895596
    ],
    "untitled-44": [
      145000,
      1241.6780045351459
    ],
    "untitled-45": [
      148000,
      1161.5646258503318
    ],
    "untitled-46": [
      151000,
      3404.6031746031813
    ],
    "untitled-47": [
      156000,
      881.2018140589544
    ],
    "untitled-48": [
      158000,
      1081.4739229024894
    ],
    "untitled-49": [
      161000,
      1401.904761904774
    ],
    "untitled-50": [
      164000,
      1321.79138321996
    ],
    "untitled-51": [
      167000,
      1161.5873015873035
    ],
    "untitled-52": [
      170000,
      1201.6099773242672
    ],
    "untitled-53": [
      173000,
      1121.5192743764248
    ],
    "untitled-54": [
      176000,
      1121.5192743764248
    ],
    "untitled-55": [
      179000,
      1201.6099773242672
    ],
    "untitled-56": [
      182000,
      1201.6326530612105
    ]
  }
}