{
  "src": [
    "de1_10.mp3"
  ],
  "sprite": {
    "untitled-01": [
      0,
      1117.0068027210884
    ],
    "untitled-02": [
      3000,
      1189.0702947845807
    ],
    "untitled-03": [
      6000,
      1117.0068027210887
    ],
    "untitled-04": [
      9000,
      1044.9433106575957
    ],
    "untitled-05": [
      12000,
      1153.0385487528338
    ],
    "untitled-06": [
      15000,
      1189.0702947845816
    ],
    "untitled-07": [
      18000,
      972.8798185941052
    ],
    "untitled-08": [
      20000,
      1297.16553287982
    ],
    "untitled-09": [
      23000,
      1333.2199546485272
    ],
    "untitled-10": [
      26000,
      1153.0385487528356
    ],
    "untitled-11": [
      29000,
      1044.9433106575973
    ],
    "untitled-12": [
      32000,
      1369.2290249433086
    ],
    "untitled-13": [
      35000,
      1189.0702947845782
    ],
    "untitled-14": [
      38000,
      1153.038548752832
    ],
    "untitled-15": [
      41000,
      1189.0702947845782
    ],
    "untitled-16": [
      44000,
      1153.038548752832
    ],
    "untitled-17": [
      47000,
      1225.1020408163242
    ],
    "untitled-18": [
      50000,
      900.8163265306096
    ],
    "untitled-19": [
      52000,
      1441.3151927437652
    ],
    "untitled-20": [
      55000,
      1369.2290249433086
    ],
    "untitled-21": [
      58000,
      1513.3560090702929
    ],
    "untitled-22": [
      61000,
      1405.2607709750546
    ],
    "untitled-23": [
      64000,
      1261.1337868480773
    ],
    "untitled-24": [
      67000,
      1441.2925170068006
    ],
    "untitled-25": [
      70000,
      1297.1655328798165
    ],
    "untitled-26": [
      73000,
      1261.1337868480773
    ],
    "untitled-27": [
      76000,
      1369.2290249433086
    ],
    "untitled-28": [
      79000,
      1008.9115646258477
    ],
    "untitled-29": [
      82000,
      1261.156462585035
    ],
    "untitled-30": [
      85000,
      1261.1337868480773
    ],
    "untitled-31": [
      88000,
      1477.324263038554
    ],
    "untitled-32": [
      91000,
      1369.251700680266
    ],
    "untitled-33": [
      94000,
      1477.3469387755113
    ],
    "untitled-34": [
      97000,
      5549.0249433106555
    ],
    "untitled-35": [
      104000,
      6233.628117913839
    ],
    "untitled-36": [
      112000,
      1333.1972789115696
    ],
    "untitled-37": [
      115000,
      936.8480725623556
    ],
    "untitled-38": [
      117000,
      1333.2199546485272
    ],
    "untitled-39": [
      120000,
      1297.1655328798165
    ],
    "untitled-40": [
      123000,
      1621.4739229024958
    ],
    "untitled-41": [
      126000,
      1261.1337868480773
    ],
    "untitled-42": [
      129000,
      1044.943310657601
    ],
    "untitled-43": [
      132000,
      1153.0385487528463
    ],
    "untitled-44": [
      135000,
      3783.401360544218
    ],
    "untitled-45": [
      140000,
      6485.850340136068
    ],
    "untitled-46": [
      148000,
      864.761904761906
    ],
    "untitled-47": [
      150000,
      1585.4195011337993
    ],
    "untitled-48": [
      153000,
      11602.471655328798
    ],
    "untitled-49": [
      166000,
      1657.4829931972772
    ],
    "untitled-50": [
      169000,
      1477.324263038554
    ],
    "untitled-51": [
      172000,
      1405.2607709750475
    ],
    "untitled-52": [
      175000,
      1189.0702947845853
    ],
    "untitled-53": [
      178000,
      1477.324263038554
    ],
    "untitled-54": [
      181000,
      1693.5374149659879
    ],
    "untitled-55": [
      184000,
      1044.943310657601
    ],
    "untitled-56": [
      187000,
      1261.1337868480632
    ],
    "untitled-57": [
      190000,
      1117.0068027210789
    ],
    "untitled-58": [
      193000,
      1117.0068027210789
    ],
    "untitled-59": [
      196000,
      1044.943310657601
    ],
    "untitled-60": [
      199000,
      1549.4104308390035
    ],
    "untitled-61": [
      202000,
      1153.0385487528463
    ],
    "untitled-62": [
      205000,
      720.6575963718933
    ],
    "untitled-63": [
      207000,
      3026.734693877557
    ],
    "untitled-64": [
      212000,
      1945.7369614512459
    ],
    "untitled-65": [
      215000,
      1044.943310657601
    ],
    "untitled-66": [
      218000,
      1153.0612244897895
    ],
    "untitled-67": [
      221000,
      936.8480725623556
    ]
  }
}