{
  "src": [
    "de1_11.mp3"
  ],
  "sprite": {
    "untitled-01": [
      0,
      1184.331065759637
    ],
    "untitled-02": [
      3000,
      499.6371882086166
    ],
    "untitled-03": [
      5000,
      1128.7981859410427
    ],
    "untitled-04": [
      8000,
      906.7346938775511
    ],
    "untitled-05": [
      10000,
      3626.9841269841263
    ],
    "untitled-06": [
      15000,
      3016.3038548752825
    ],
    "untitled-07": [
      20000,
      1036.2811791383208
    ],
    "untitled-08": [
      23000,
      980.7482993197283
    ],
    "untitled-09": [
      25000,
      999.2743764172332
    ],
    "untitled-10": [
      27000,
      1147.3242630385485
    ],
    "untitled-11": [
      30000,
      7420.498866213151
    ],
    "untitled-12": [
      39000,
      5310.929705215422
    ],
    "untitled-13": [
      46000,
      4385.668934240364
    ],
    "untitled-14": [
      52000,
      925.2380952380931
    ],
    "untitled-15": [
      54000,
      1702.4489795918357
    ],
    "untitled-16": [
      57000,
      1073.2879818594085
    ],
    "untitled-17": [
      60000,
      6698.820861678001
    ],
    "untitled-18": [
      68000,
      1295.3514739229063
    ],
    "untitled-19": [
      71000,
      7513.015873015874
    ],
    "untitled-20": [
      80000,
      1350.8616780045345
    ],
    "untitled-21": [
      83000,
      1332.358276643987
    ],
    "untitled-22": [
      86000,
      3182.857142857145
    ],
    "untitled-23": [
      91000,
      6291.678004535143
    ],
    "untitled-24": [
      99000,
      1017.7777777777806
    ],
    "untitled-25": [
      102000,
      1017.7777777777806
    ],
    "untitled-26": [
      105000,
      1054.784580498861
    ],
    "untitled-27": [
      108000,
      814.2176870748301
    ],
    "untitled-28": [
      110000,
      6162.176870748297
    ],
    "untitled-29": [
      118000,
      6162.176870748297
    ],
    "untitled-30": [
      126000,
      3645.48752834466
    ],
    "untitled-31": [
      131000,
      3978.5714285714275
    ],
    "untitled-32": [
      136000,
      2701.723356009069
    ],
    "untitled-33": [
      140000,
      962.2448979591809
    ],
    "untitled-34": [
      142000,
      1110.2947845805033
    ],
    "untitled-35": [
      145000,
      999.2743764172474
    ],
    "untitled-36": [
      147000,
      758.7074829932021
    ],
    "untitled-37": [
      149000,
      1424.8752834467098
    ],
    "untitled-38": [
      152000,
      832.7210884353633
    ],
    "untitled-39": [
      154000,
      740.2040816326405
    ],
    "untitled-40": [
      156000,
      1091.7913832199417
    ],
    "untitled-41": [
      159000,
      925.2607709750578
    ],
    "untitled-42": [
      161000,
      943.764172335591
    ],
    "untitled-43": [
      163000,
      1147.3242630385414
    ],
    "untitled-44": [
      166000,
      1239.8412698412642
    ],
    "untitled-45": [
      169000,
      1406.3718820861766
    ],
    "untitled-46": [
      172000,
      1350.8616780045486
    ],
    "untitled-47": [
      175000,
      1276.848072562359
    ],
    "untitled-48": [
      178000,
      3867.551020408172
    ],
    "untitled-49": [
      183000,
      5903.083900226761
    ],
    "untitled-50": [
      190000,
      5588.526077097498
    ],
    "untitled-51": [
      197000,
      2442.6530612244906
    ],
    "untitled-52": [
      201000,
      3108.8435374149694
    ],
    "untitled-53": [
      206000,
      1165.8049886621313
    ],
    "untitled-54": [
      209000,
      814.2176870748301
    ]
  }
}