{
  "src": [
    "de1_16.mp3"
  ],
  "sprite": {
    "untitled-01": [
      0,
      2768.2312925170068
    ],
    "untitled-02": [
      4000,
      5627.256235827664
    ],
    "untitled-03": [
      11000,
      17085.918367346938
    ],
    "untitled-04": [
      30000,
      1157.2108843537414
    ],
    "untitled-05": [
      33000,
      1247.9818594104302
    ],
    "untitled-06": [
      36000,
      1270.6575963718833
    ],
    "untitled-07": [
      39000,
      1338.7528344671225
    ],
    "untitled-08": [
      42000,
      1202.585034013609
    ],
    "untitled-09": [
      45000,
      12638.59410430839
    ],
    "untitled-10": [
      59000,
      953.0158730158718
    ],
    "untitled-11": [
      61000,
      975.691609977325
    ],
    "untitled-12": [
      63000,
      16450.589569160995
    ],
    "untitled-13": [
      81000,
      15134.535147392286
    ],
    "untitled-14": [
      98000,
      1202.585034013609
    ],
    "untitled-15": [
      101000,
      930.317460317454
    ],
    "untitled-16": [
      103000,
      998.3900226757356
    ],
    "untitled-17": [
      105000,
      1066.4625850340171
    ],
    "untitled-18": [
      108000,
      1338.7301587301579
    ],
    "untitled-19": [
      111000,
      930.317460317454
    ],
    "untitled-20": [
      113000,
      18492.74376417233
    ],
    "untitled-21": [
      133000,
      2813.6281179138223
    ],
    "untitled-22": [
      137000,
      907.6190476190504
    ],
    "untitled-23": [
      139000,
      952.9931972789143
    ],
    "untitled-24": [
      141000,
      1021.0884353741392
    ],
    "untitled-25": [
      144000,
      930.3174603174682
    ],
    "untitled-26": [
      146000,
      1316.0544217687118
    ],
    "untitled-27": [
      149000,
      13523.51473922903
    ],
    "untitled-28": [
      164000,
      975.6916099773321
    ],
    "untitled-29": [
      166000,
      1043.7641723356137
    ],
    "untitled-30": [
      169000,
      816.848072562351
    ],
    "untitled-31": [
      171000,
      3743.922902494319
    ],
    "untitled-32": [
      176000,
      13364.671201814048
    ],
    "untitled-33": [
      191000,
      1157.2335600907024
    ],
    "untitled-34": [
      194000,
      1043.7641723356137
    ],
    "untitled-35": [
      197000,
      1338.7301587301579
    ],
    "untitled-36": [
      200000,
      1202.5850340135946
    ],
    "untitled-37": [
      203000,
      953.015873015886
    ],
    "untitled-38": [
      205000,
      5377.6417233560205
    ],
    "untitled-39": [
      212000,
      15089.16099773242
    ],
    "untitled-40": [
      229000,
      1089.1383219954776
    ],
    "untitled-41": [
      232000,
      17653.197278911564
    ],
    "untitled-42": [
      251000,
      930.3174603174682
    ],
    "untitled-43": [
      253000,
      1384.1269841269934
    ],
    "untitled-44": [
      256000,
      5672.630385487537
    ]
  }
}
