{
  "src": [
    "de1_1.mp3"
  ],
  "sprite": {
    "untitled-01": [
      0,
      625.2154195011339
    ],
    "untitled-02": [
      2000,
      875.3061224489795
    ],
    "untitled-03": [
      4000,
      700.2494331065758
    ],
    "untitled-04": [
      6000,
      675.215419501134
    ],
    "untitled-05": [
      8000,
      625.2154195011333
    ],
    "untitled-06": [
      10000,
      575.1927437641715
    ],
    "untitled-07": [
      12000,
      625.2154195011333
    ],
    "untitled-08": [
      14000,
      1025.3514739229033
    ],
    "untitled-09": [
      17000,
      1050.340136054423
    ],
    "untitled-10": [
      20000,
      1075.351473922904
    ],
    "untitled-11": [
      23000,
      750.2494331065748
    ],
    "untitled-12": [
      25000,
      975.3287981859415
    ],
    "untitled-13": [
      27000,
      1100.385487528346
    ],
    "untitled-14": [
      30000,
      575.1927437641733
    ],
    "untitled-15": [
      32000,
      725.2380952380975
    ]
  }
}