{
  "src": [
    "de1_2.mp3"
  ],
  "sprite": {
    "untitled-01": [
      0,
      805.2607709750566
    ],
    "untitled-02": [
      2000,
      984.21768707483
    ],
    "untitled-03": [
      4000,
      671.0657596371883
    ],
    "untitled-04": [
      6000,
      805.2607709750567
    ],
    "untitled-05": [
      8000,
      872.3582766439914
    ],
    "untitled-06": [
      10000,
      671.0657596371874
    ],
    "untitled-07": [
      12000,
      1006.57596371882
    ],
    "untitled-08": [
      15000,
      939.4784580498872
    ],
    "untitled-09": [
      17000,
      648.6848072562345
    ],
    "untitled-10": [
      19000,
      1028.956916099773
    ],
    "untitled-11": [
      22000,
      894.7392290249425
    ],
    "untitled-12": [
      24000,
      984.1950113378673
    ],
    "untitled-13": [
      26000,
      1297.3696145124727
    ],
    "untitled-14": [
      29000,
      1185.5328798185951
    ],
    "untitled-15": [
      32000,
      984.2176870748318
    ],
    "untitled-16": [
      34000,
      1297.369614512469
    ],
    "untitled-17": [
      37000,
      850.022675736959
    ],
    "untitled-18": [
      39000,
      850.0000000000014
    ],
    "untitled-19": [
      41000,
      1028.9342403628154
    ],
    "untitled-20": [
      44000,
      827.6417233560096
    ],
    "untitled-21": [
      46000,
      872.3809523809507
    ],
    "untitled-22": [
      48000,
      1207.9138321995445
    ],
    "untitled-23": [
      51000,
      1207.9138321995445
    ],
    "untitled-24": [
      54000,
      760.5215419501121
    ],
    "untitled-25": [
      56000,
      1118.4353741496623
    ],
    "untitled-26": [
      59000,
      760.5442176870768
    ],
    "untitled-27": [
      61000,
      827.6417233560096
    ],
    "untitled-28": [
      63000,
      1342.1088435374172
    ]
  }
}