{
  "src": [
    "de1_5.mp3"
  ],
  "sprite": {
    "untitled-01": [
      0,
      804.875283446712
    ],
    "untitled-02": [
      2000,
      992.6757369614512
    ],
    "untitled-03": [
      4000,
      885.3741496598637
    ],
    "untitled-04": [
      6000,
      858.5260770975057
    ],
    "untitled-05": [
      8000,
      939.0249433106579
    ],
    "untitled-06": [
      10000,
      885.3741496598637
    ],
    "untitled-07": [
      12000,
      778.0725623582772
    ],
    "untitled-08": [
      14000,
      992.6984126984131
    ],
    "untitled-09": [
      16000,
      858.5260770975048
    ],
    "untitled-10": [
      18000,
      724.3990929705219
    ],
    "untitled-11": [
      20000,
      697.573696145124
    ],
    "untitled-12": [
      22000,
      831.7233560090713
    ],
    "untitled-13": [
      24000,
      1073.1746031746034
    ],
    "untitled-14": [
      27000,
      1153.6734693877547
    ],
    "untitled-15": [
      30000,
      1046.3492063492054
    ],
    "untitled-16": [
      33000,
      965.8730158730151
    ],
    "untitled-17": [
      35000,
      778.0498866213179
    ],
    "untitled-18": [
      37000,
      778.0725623582754
    ],
    "untitled-19": [
      39000,
      885.3741496598673
    ],
    "untitled-20": [
      41000,
      831.7233560090713
    ],
    "untitled-21": [
      43000,
      751.2471655328809
    ],
    "untitled-22": [
      45000,
      1126.8480725623604
    ],
    "untitled-23": [
      48000,
      751.2244897959164
    ],
    "untitled-24": [
      50000,
      1046.3492063492054
    ],
    "untitled-25": [
      53000,
      992.6984126984096
    ],
    "untitled-26": [
      55000,
      1180.4988662131493
    ],
    "untitled-27": [
      58000,
      1314.6485260771
    ],
    "untitled-28": [
      61000,
      697.5736961451275
    ],
    "untitled-29": [
      63000,
      1234.149659863945
    ],
    "untitled-30": [
      66000,
      992.6984126984166
    ],
    "untitled-31": [
      68000,
      1073.174603174607
    ],
    "untitled-32": [
      71000,
      939.0476190476136
    ],
    "untitled-33": [
      73000,
      751.2244897959164
    ],
    "untitled-34": [
      75000,
      885.3741496598673
    ],
    "untitled-35": [
      77000,
      563.4013605442192
    ],
    "untitled-36": [
      79000,
      858.5487528344657
    ],
    "untitled-37": [
      81000,
      5178.0952380952385
    ],
    "untitled-38": [
      88000,
      939.0249433106561
    ],
    "untitled-39": [
      90000,
      831.7006802721068
    ],
    "untitled-40": [
      92000,
      1100.022675736966
    ],
    "untitled-41": [
      95000,
      939.0249433106561
    ],
    "untitled-42": [
      97000,
      1395.147392290255
    ],
    "untitled-43": [
      100000,
      1019.5011337868465
    ],
    "untitled-44": [
      103000,
      6063.469387755105
    ],
    "untitled-45": [
      111000,
      8263.492063492065
    ],
    "untitled-46": [
      121000,
      1073.174603174607
    ],
    "untitled-47": [
      124000,
      1046.3492063492054
    ],
    "untitled-48": [
      127000,
      965.8730158730151
    ],
    "untitled-49": [
      129000,
      1099.9999999999943
    ],
    "untitled-50": [
      132000,
      1287.8231292517057
    ],
    "untitled-51": [
      135000,
      1100.022675736966
    ],
    "untitled-52": [
      138000,
      858.54875283448
    ],
    "untitled-53": [
      140000,
      778.0725623582896
    ],
    "untitled-54": [
      142000,
      1475.6235827664455
    ],
    "untitled-55": [
      145000,
      1180.4761904761847
    ],
    "untitled-56": [
      148000,
      1019.523809523804
    ],
    "untitled-57": [
      151000,
      1260.9750566893467
    ],
    "untitled-58": [
      154000,
      1234.1496598639594
    ],
    "untitled-59": [
      157000,
      8129.3197278911575
    ],
    "untitled-60": [
      167000,
      7297.619047619037
    ],
    "untitled-61": [
      176000,
      9095.192743764186
    ],
    "untitled-62": [
      187000,
      8075.668934240355
    ],
    "untitled-63": [
      197000,
      8612.267573696157
    ],
    "untitled-64": [
      207000,
      7700.045351473932
    ],
    "untitled-65": [
      216000,
      7512.244897959192
    ],
    "untitled-66": [
      225000,
      804.8979591836769
    ],
    "untitled-67": [
      227000,
      617.0748299319655
    ],
    "untitled-68": [
      229000,
      1260.99773242629
    ]
  }
}