{
  "src": [
    "pl_081.mp3"
  ],
  "sprite": {
    "N81": [
      0,
      3544.625850340136
    ],
    "S00-TITLE": [
      5000,
      2522.312925170068
    ],
    "S01": [
      9000,
      4549.002267573696
    ],
    "S02": [
      15000,
      2916.8707482993204
    ],
    "S03": [
      19000,
      3490.816326530613
    ],
    "S04": [
      24000,
      3096.235827664401
    ],
    "S05": [
      29000,
      5071.292517006803
    ],
    "S06": [
      36000,
      3275.5782312925135
    ],
    "S07": [
      41000,
      4369.637188208614
    ],
    "S08": [
      47000,
      5122.92517006803
    ],
    "S09": [
      54000,
      4728.34467120181
    ],
    "S10": [
      60000,
      3634.285714285717
    ],
    "S11": [
      65000,
      7241.451247165529
    ],
    "S12": [
      74000,
      3042.448979591839
    ],
    "T00-TRANSLATE": [
      79000,
      4746.281179138322
    ],
    "T01": [
      85000,
      4118.548752834471
    ],
    "T02": [
      91000,
      4405.510204081636
    ],
    "T03": [
      97000,
      4333.786848072563
    ],
    "T04": [
      103000,
      4333.7641723356055
    ],
    "T05": [
      109000,
      3867.4603174603135
    ]
  }
}