{
  "src": [
    "pl_028.mp3"
  ],
  "sprite": {
    "N28": [
      0,
      3230.7256235827663
    ],
    "S00-TITLE": [
      5000,
      2904.444444444445
    ],
    "S01": [
      9000,
      4110.272108843537
    ],
    "S02": [
      15000,
      3500.272108843539
    ],
    "S03": [
      20000,
      4237.93650793651
    ],
    "S04": [
      26000,
      3783.9909297052154
    ],
    "S05": [
      31000,
      2947.0068027210914
    ],
    "S06": [
      35000,
      3954.240362811788
    ],
    "S07": [
      40000,
      3330.022675736963
    ],
    "S08": [
      45000,
      4209.569160997731
    ],
    "S09": [
      51000,
      4195.396825396827
    ],
    "S10": [
      57000,
      3968.4126984126992
    ],
    "S11": [
      62000,
      3301.678004535148
    ],
    "S12": [
      67000,
      4025.170068027208
    ]
  }
}