{
  "src": [
    "pl_001.mp3"
  ],
  "sprite": {
    "N1": [
      0,
      2909.546485260771
    ],
    "S00-TITLE": [
      4000,
      2403.2426303854872
    ],
    "S01": [
      8000,
      2387.6190476190473
    ],
    "S02": [
      12000,
      4016.235827664399
    ],
    "S03": [
      18000,
      3875.2834467120183
    ],
    "S04": [
      23000,
      2451.0204081632664
    ],
    "S05": [
      27000,
      2905.8730158730164
    ],
    "S06": [
      31000,
      2395.8956916099796
    ],
    "T00-TRANSLATE": [
      35000,
      4821.700680272109
    ],
    "T01": [
      41000,
      3222.879818594102
    ],
    "T02": [
      46000,
      2395.8956916099796
    ],
    "T03": [
      50000,
      2451.0204081632664
    ],
    "T04": [
      54000,
      2616.4172335600924
    ]
  }
}