{
  "src": [
    "pl_052.mp3"
  ],
  "sprite": {
    "N52": [
      0,
      3279.4557823129253
    ],
    "S00-TITLE": [
      5000,
      2761.179138321996
    ],
    "S01": [
      9000,
      4523.356009070294
    ],
    "S02": [
      15000,
      3452.2448979591827
    ],
    "S03": [
      20000,
      4160.544217687076
    ],
    "S04": [
      26000,
      4765.238095238096
    ],
    "S05": [
      32000,
      3728.639455782314
    ],
    "S06": [
      37000,
      3849.591836734696
    ],
    "S07": [
      42000,
      4022.335600907027
    ],
    "S08": [
      48000,
      4022.335600907027
    ],
    "S09": [
      54000,
      3659.5464852607693
    ],
    "S10": [
      59000,
      5300.79365079365
    ],
    "S11": [
      66000,
      5369.886621315189
    ],
    "T00-TRANSLATE": [
      73000,
      5024.376417233554
    ],
    "T01": [
      80000,
      4091.451247165537
    ],
    "T02": [
      86000,
      4212.380952380954
    ],
    "T03": [
      92000,
      4316.054421768712
    ],
    "T04": [
      98000,
      4696.122448979594
    ],
    "T05": [
      104000,
      4108.730158730154
    ]
  }
}