{
  "src": [
    "pl_057.mp3"
  ],
  "sprite": {
    "N57": [
      0,
      3595.986394557823
    ],
    "S00-TITLE": [
      5000,
      3306.3038548752834
    ],
    "S01": [
      10000,
      3987.9365079365084
    ],
    "S02": [
      15000,
      3868.6394557823114
    ],
    "S03": [
      20000,
      4396.893424036282
    ],
    "S04": [
      26000,
      3681.2018140589585
    ],
    "S05": [
      31000,
      3664.1723356009097
    ],
    "S06": [
      36000,
      5402.312925170065
    ],
    "S07": [
      43000,
      5430.566893424036
    ],
    "S08": [
      50000,
      3851.609977324266
    ],
    "S09": [
      55000,
      3272.222222222226
    ],
    "S10": [
      60000,
      5351.179138321996
    ],
    "S11": [
      67000,
      4448.027210884348
    ],
    "T00-TRANSLATE": [
      73000,
      4720.657596371879
    ],
    "T01": [
      79000,
      3664.149659863952
    ],
    "T02": [
      84000,
      4226.485260770971
    ],
    "T03": [
      90000,
      3715.2834467120215
    ],
    "T04": [
      95000,
      4362.811791383223
    ],
    "T05": [
      101000,
      4567.324263038543
    ]
  }
}