{
  "src": [
    "pl_023.mp3"
  ],
  "sprite": {
    "N23": [
      0,
      3180.204081632653
    ],
    "S00-TITLE": [
      5000,
      3368.5034013605455
    ],
    "S01": [
      10000,
      5309.4331065759625
    ],
    "S02": [
      17000,
      3209.160997732425
    ],
    "S03": [
      22000,
      2615.306122448981
    ],
    "S04": [
      26000,
      2977.4149659863942
    ],
    "S05": [
      30000,
      2658.77551020408
    ],
    "S06": [
      34000,
      3151.2471655328795
    ],
    "S07": [
      39000,
      3658.1859410430866
    ],
    "S08": [
      44000,
      2977.4376417233552
    ],
    "S09": [
      48000,
      3411.9727891156444
    ],
    "S10": [
      53000,
      5157.052154195015
    ],
    "T00-TRANSLATE": [
      60000,
      4730.045351473919
    ],
    "T01": [
      66000,
      3440.9297052154243
    ],
    "T02": [
      71000,
      3267.0975056689285
    ],
    "T03": [
      76000,
      4353.446712018141
    ],
    "T04": [
      82000,
      3310.5668934240384
    ],
    "T05": [
      87000,
      3006.371882086171
    ]
  }
}