{
  "src": [
    "pl_084.mp3"
  ],
  "sprite": {
    "N84": [
      0,
      3685.2380952380954
    ],
    "S00-TITLE": [
      5000,
      3301.85941043084
    ],
    "S01": [
      10000,
      5218.730158730159
    ],
    "S02": [
      17000,
      4336.961451247166
    ],
    "S03": [
      23000,
      3455.2154195011335
    ],
    "S04": [
      28000,
      5523.809523809526
    ],
    "S05": [
      35000,
      4145.306122448978
    ],
    "S06": [
      41000,
      5945.532879818593
    ],
    "S07": [
      48000,
      5065.374149659867
    ],
    "S08": [
      55000,
      6137.210884353742
    ],
    "S09": [
      63000,
      3761.904761904759
    ],
    "S10": [
      68000,
      6213.900226757374
    ],
    "S11": [
      76000,
      4030.2721088435333
    ],
    "S12": [
      82000,
      5142.063492063499
    ],
    "S13": [
      89000,
      5218.730158730154
    ]
  }
}