{
  "src": [
    "pl_097.mp3"
  ],
  "sprite": {
    "N97": [
      0,
      3565.3287981859407
    ],
    "S00-TITLE": [
      5000,
      3135.0566893424043
    ],
    "S01": [
      10000,
      4296.780045351474
    ],
    "S02": [
      16000,
      5221.882086167802
    ],
    "S03": [
      23000,
      3672.8798185941046
    ],
    "S04": [
      28000,
      5023.061224489794
    ],
    "S05": [
      35000,
      3888.027210884353
    ],
    "S06": [
      40000,
      5350.975056689343
    ],
    "S07": [
      47000,
      3931.043083900228
    ],
    "S08": [
      52000,
      3586.8480725623613
    ],
    "S09": [
      57000,
      6077.256235827662
    ],
    "S10": [
      65000,
      5329.45578231292
    ],
    "S11": [
      72000,
      5157.346938775504
    ],
    "S12": [
      79000,
      3221.0884353741562
    ],
    "S13": [
      84000,
      3888.02721088436
    ],
    "S14": [
      89000,
      3307.1655328798215
    ],
    "S15": [
      94000,
      4770.09070294784
    ],
    "T00-TRANSLATE": [
      100000,
      4576.48526077098
    ],
    "T01": [
      106000,
      3823.492063492068
    ],
    "T02": [
      111000,
      4490.408163265301
    ],
    "T03": [
      117000,
      4597.9818594104245
    ],
    "T04": [
      123000,
      4813.129251700673
    ],
    "T05": [
      129000,
      4060.1360544217755
    ]
  }
}