{
  "src": [
    "pl_067.mp3"
  ],
  "sprite": {
    "N67": [
      0,
      3501.4285714285716
    ],
    "S00-TITLE": [
      5000,
      2877.5283446712015
    ],
    "S01": [
      9000,
      3538.480725623582
    ],
    "S02": [
      14000,
      2834.285714285713
    ],
    "S03": [
      18000,
      3019.614512471655
    ],
    "S04": [
      23000,
      4502.131519274379
    ],
    "S05": [
      29000,
      4724.489795918366
    ],
    "S06": [
      35000,
      3445.82766439909
    ],
    "S07": [
      40000,
      5041.5873015872985
    ],
    "S08": [
      47000,
      4709.863945578235
    ],
    "S09": [
      53000,
      4965.419501133788
    ],
    "S10": [
      59000,
      2963.9909297052186
    ],
    "S11": [
      63000,
      4131.496598639458
    ],
    "S12": [
      69000,
      2834.285714285713
    ],
    "S13": [
      73000,
      6948.662131519271
    ],
    "T00-TRANSLATE": [
      81000,
      4242.698412698417
    ],
    "T01": [
      87000,
      4687.460317460321
    ],
    "T02": [
      93000,
      4298.276643990931
    ],
    "T03": [
      99000,
      4094.4444444444484
    ],
    "T04": [
      105000,
      4316.802721088436
    ],
    "T05": [
      111000,
      3612.607709750563
    ]
  }
}