{
  "src": [
    "pl_013.mp3"
  ],
  "sprite": {
    "N13": [
      0,
      2793.151927437642
    ],
    "S00-TITLE": [
      4000,
      4177.029478458049
    ],
    "S01": [
      10000,
      3292.2448979591827
    ],
    "S02": [
      15000,
      4381.201814058958
    ],
    "S03": [
      21000,
      2815.8276643990944
    ],
    "S04": [
      25000,
      2611.655328798186
    ],
    "S05": [
      29000,
      3065.3968253968246
    ],
    "S06": [
      34000,
      3723.3106575963716
    ],
    "S07": [
      39000,
      5061.814058956912
    ],
    "S08": [
      46000,
      3178.8208616780053
    ],
    "S09": [
      51000,
      5175.260770975057
    ],
    "T00-TRANSLATE": [
      58000,
      4971.065759637185
    ],
    "T01": [
      64000,
      3700.612244897954
    ],
    "T02": [
      69000,
      3314.9206349206397
    ],
    "T03": [
      74000,
      2929.27437641724
    ],
    "T04": [
      78000,
      3496.4399092970525
    ],
    "T05": [
      83000,
      3768.662131519278
    ]
  }
}