{
  "src": [
    "pl_002.mp3"
  ],
  "sprite": {
    "N2": [
      0,
      3018.730158730159
    ],
    "S00-TITLE": [
      5000,
      2559.591836734693
    ],
    "S01": [
      9000,
      2524.263038548753
    ],
    "S02": [
      13000,
      3248.3219954648525
    ],
    "S03": [
      18000,
      2811.3832199546496
    ],
    "S04": [
      22000,
      3419.5238095238096
    ],
    "S05": [
      27000,
      2478.321995464853
    ],
    "S06": [
      31000,
      4274.013605442178
    ],
    "S07": [
      37000,
      2441.1791383219993
    ],
    "S08": [
      41000,
      2428.7981859410406
    ],
    "T00-TRANSLATE": [
      45000,
      5066.598639455783
    ],
    "T01": [
      52000,
      2837.4829931972768
    ],
    "T02": [
      56000,
      3493.8095238095243
    ],
    "T03": [
      61000,
      2787.936507936507
    ],
    "T04": [
      65000,
      2428.798185941048
    ],
    "T05": [
      69000,
      2465.9410430839016
    ]
  }
}