{
  "src": [
    "pl_038.mp3"
  ],
  "sprite": {
    "N38": [
      0,
      3246.7120181405894
    ],
    "S00-TITLE": [
      5000,
      2517.641723356009
    ],
    "S01": [
      9000,
      3580.861678004535
    ],
    "S02": [
      14000,
      3565.691609977325
    ],
    "S03": [
      19000,
      3140.385487528345
    ],
    "S04": [
      24000,
      4370.6802721088425
    ],
    "S05": [
      30000,
      4826.371882086164
    ],
    "S06": [
      36000,
      6361.655328798186
    ],
    "S07": [
      44000,
      3322.67573696145
    ],
    "S08": [
      49000,
      3884.6485260771005
    ],
    "S09": [
      54000,
      3444.1723356009106
    ],
    "S10": [
      59000,
      5009.841269841274
    ],
    "T00-TRANSLATE": [
      66000,
      4811.156462585032
    ],
    "T01": [
      72000,
      4401.065759637191
    ],
    "T02": [
      78000,
      4021.360544217686
    ],
    "T03": [
      84000,
      3292.2902494331083
    ],
    "T04": [
      89000,
      3368.2312925170095
    ],
    "T05": [
      94000,
      3641.6326530612223
    ]
  }
}