{
  "src": [
    "pl_015.mp3"
  ],
  "sprite": {
    "N15": [
      0,
      3316.0997732426304
    ],
    "S00-TITLE": [
      5000,
      2339.160997732426
    ],
    "S01": [
      9000,
      3466.41723356009
    ],
    "S02": [
      14000,
      3078.140589569159
    ],
    "S03": [
      19000,
      2902.7664399092964
    ],
    "S04": [
      23000,
      2464.4217687074815
    ],
    "S05": [
      27000,
      2476.938775510206
    ],
    "S06": [
      31000,
      3015.510204081636
    ],
    "S07": [
      36000,
      2902.7891156462574
    ],
    "S08": [
      40000,
      4242.947845804992
    ],
    "S09": [
      46000,
      3917.301587301587
    ],
    "S10": [
      51000,
      3103.1972789115657
    ],
    "T00-TRANSLATE": [
      56000,
      4355.646258503399
    ],
    "T01": [
      62000,
      3291.04308390022
    ],
    "T02": [
      67000,
      3165.804988662131
    ],
    "T03": [
      72000,
      3065.6235827664345
    ],
    "T04": [
      77000,
      3115.71428571429
    ],
    "T05": [
      82000,
      2915.306122448982
    ]
  }
}