{
  "src": [
    "pl_089.mp3"
  ],
  "sprite": {
    "N89": [
      0,
      3489.024943310658
    ],
    "S00-TITLE": [
      5000,
      3119.7505668934245
    ],
    "S01": [
      10000,
      5028.412698412698
    ],
    "S02": [
      17000,
      5201.088435374149
    ],
    "S03": [
      24000,
      3866.689342403628
    ],
    "S04": [
      29000,
      5003.242630385486
    ],
    "S05": [
      36000,
      5402.5170068027255
    ],
    "S06": [
      43000,
      5003.219954648529
    ],
    "S07": [
      50000,
      5003.219954648529
    ],
    "S08": [
      57000,
      5985.147392290251
    ],
    "S09": [
      64000,
      5251.428571428576
    ],
    "S10": [
      71000,
      4621.995464852603
    ],
    "S11": [
      77000,
      5154.28571428572
    ],
    "S12": [
      84000,
      6967.052154195017
    ],
    "S13": [
      92000,
      5129.115646258498
    ],
    "S14": [
      99000,
      5154.28571428572
    ],
    "S15": [
      106000,
      4219.160997732431
    ],
    "S16": [
      112000,
      5175.918367346938
    ],
    "T00-TRANSLATE": [
      119000,
      4597.528344671204
    ],
    "T01": [
      125000,
      4244.35374149661
    ],
    "T02": [
      131000,
      4143.628117913835
    ],
    "T03": [
      137000,
      4823.4240362811815
    ],
    "T04": [
      143000,
      4193.990929705223
    ],
    "T05": [
      149000,
      4328.276643990932
    ]
  }
}