{
  "src": [
    "pl_042.mp3"
  ],
  "sprite": {
    "N42": [
      0,
      3225.0113378684805
    ],
    "S00-TITLE": [
      5000,
      2850.7256235827663
    ],
    "S01": [
      9000,
      3355.2154195011335
    ],
    "S02": [
      14000,
      3355.1927437641707
    ],
    "S03": [
      19000,
      4624.580498866212
    ],
    "S04": [
      25000,
      4608.299319727891
    ],
    "S05": [
      31000,
      3306.3945578231255
    ],
    "S06": [
      36000,
      4071.2471655328814
    ],
    "S07": [
      42000,
      4722.199546485257
    ],
    "S08": [
      48000,
      4722.222222222222
    ],
    "S09": [
      54000,
      5410.181405895692
    ],
    "S10": [
      61000,
      5242.970521541949
    ],
    "S11": [
      68000,
      4754.761904761906
    ]
  }
}