{
  "src": [
    "pl_006.mp3"
  ],
  "sprite": {
    "N6": [
      0,
      2916.938775510204
    ],
    "S00-TITLE": [
      4000,
      2958.616780045352
    ],
    "S01": [
      8000,
      4181.08843537415
    ],
    "S02": [
      14000,
      2430.7482993197277
    ],
    "S03": [
      18000,
      2903.0612244897966
    ],
    "S04": [
      22000,
      3486.5079365079373
    ],
    "S05": [
      27000,
      2903.0612244897966
    ],
    "S06": [
      31000,
      2458.526077097503
    ],
    "S07": [
      35000,
      4097.732426303857
    ],
    "S08": [
      41000,
      3417.0521541950125
    ],
    "T00-TRANSLATE": [
      46000,
      4667.3015873015875
    ],
    "T01": [
      52000,
      3292.018140589569
    ],
    "T02": [
      57000,
      3069.7505668934255
    ],
    "T03": [
      62000,
      4292.222222222222
    ],
    "T04": [
      68000,
      3639.319727891163
    ],
    "T05": [
      73000,
      3875.4648526077062
    ]
  }
}