{
  "src": [
    "pl_058.mp3"
  ],
  "sprite": {
    "N58": [
      0,
      3441.655328798186
    ],
    "S00-TITLE": [
      5000,
      2364.784580498866
    ],
    "S01": [
      9000,
      4404.308390022676
    ],
    "S02": [
      15000,
      4893.809523809523
    ],
    "S03": [
      21000,
      3180.5895691609967
    ],
    "S04": [
      26000,
      4649.047619047618
    ],
    "S05": [
      32000,
      5056.984126984126
    ],
    "S06": [
      39000,
      3082.6757369614484
    ],
    "S07": [
      44000,
      3670.090702947846
    ],
    "S08": [
      49000,
      5160.680272108842
    ],
    "S09": [
      56000,
      3392.6984126984153
    ],
    "S10": [
      61000,
      3914.82993197279
    ],
    "S11": [
      66000,
      3327.4376417233498
    ],
    "S12": [
      71000,
      2511.6099773242695
    ],
    "S13": [
      75000,
      3523.219954648525
    ],
    "T00-TRANSLATE": [
      80000,
      4632.743764172332
    ],
    "T01": [
      86000,
      3425.3287981859444
    ],
    "T02": [
      91000,
      3278.480725623581
    ],
    "T03": [
      96000,
      4371.678004535142
    ],
    "T04": [
      102000,
      3947.4603174603117
    ],
    "T05": [
      107000,
      4290.113378684808
    ]
  }
}