{
  "src": [
    "pl_088.mp3"
  ],
  "sprite": {
    "N88": [
      0,
      3766.6666666666665
    ],
    "S00-TITLE": [
      5000,
      3130.9977324263036
    ],
    "S01": [
      10000,
      5113.287981859411
    ],
    "S02": [
      17000,
      5842.83446712018
    ],
    "S03": [
      24000,
      4460.884353741499
    ],
    "S04": [
      30000,
      5489.682539682541
    ],
    "S05": [
      37000,
      5566.802721088436
    ],
    "S06": [
      44000,
      5968.276643990933
    ],
    "S07": [
      51000,
      5238.775510204078
    ],
    "S08": [
      58000,
      5213.650793650792
    ],
    "S09": [
      65000,
      6545.396825396821
    ],
    "S10": [
      73000,
      3758.321995464854
    ],
    "S11": [
      78000,
      5838.934240362818
    ],
    "S12": [
      85000,
      3347.596371882091
    ],
    "S13": [
      90000,
      5786.122448979597
    ],
    "S14": [
      97000,
      6454.7845804988665
    ],
    "T00-TRANSLATE": [
      105000,
      4632.1088435374095
    ],
    "T01": [
      111000,
      4737.664399092978
    ],
    "T02": [
      117000,
      4121.814058956915
    ],
    "T03": [
      123000,
      5029.501133786852
    ],
    "T04": [
      130000,
      4368.163265306122
    ],
    "T05": [
      136000,
      5152.6757369614415
    ]
  }
}