{
  "src": [
    "pl_073.mp3"
  ],
  "sprite": {
    "N73": [
      0,
      3533.469387755102
    ],
    "S00-TITLE": [
      5000,
      2572.607709750567
    ],
    "S01": [
      9000,
      5379.7959183673465
    ],
    "S02": [
      16000,
      4561.38321995465
    ],
    "S03": [
      22000,
      5030.6575963718815
    ],
    "S04": [
      29000,
      3935.7142857142835
    ],
    "S05": [
      34000,
      5209.433106575964
    ],
    "S06": [
      41000,
      4717.823129251698
    ],
    "S07": [
      47000,
      4472.018140589569
    ],
    "S08": [
      53000,
      6765.260770975054
    ],
    "S09": [
      61000,
      4114.467120181402
    ],
    "S10": [
      67000,
      4829.546485260778
    ],
    "S11": [
      73000,
      5513.877551020414
    ],
    "S12": [
      80000,
      3421.768707482997
    ],
    "S13": [
      85000,
      5410.544217687076
    ],
    "S14": [
      92000,
      4136.802721088429
    ],
    "T00-TRANSLATE": [
      98000,
      5097.687074829935
    ],
    "T01": [
      105000,
      4181.519274376413
    ],
    "T02": [
      111000,
      5536.235827664399
    ],
    "T03": [
      118000,
      4829.546485260778
    ],
    "T04": [
      124000,
      3779.274376417234
    ],
    "T05": [
      129000,
      4270.884353741508
    ]
  }
}