{
  "src": [
    "pl_012.mp3"
  ],
  "sprite": {
    "N12": [
      0,
      2912.108843537415
    ],
    "S00-TITLE": [
      4000,
      2520.6349206349205
    ],
    "S01": [
      8000,
      3527.2789115646256
    ],
    "S02": [
      13000,
      3485.3287981859394
    ],
    "S03": [
      18000,
      4100.5215419501155
    ],
    "S04": [
      24000,
      3303.5827664399094
    ],
    "S05": [
      29000,
      3862.8344671201803
    ],
    "S06": [
      34000,
      3443.4013605442146
    ],
    "S07": [
      39000,
      4254.308390022672
    ],
    "S08": [
      45000,
      3009.9773242630404
    ],
    "T00-TRANSLATE": [
      50000,
      4380.158730158733
    ],
    "T01": [
      56000,
      2940.0680272108843
    ],
    "T02": [
      60000,
      3513.2879818594133
    ],
    "T03": [
      65000,
      2944.7165532879753
    ],
    "T04": [
      69000,
      3121.836734693872
    ],
    "T05": [
      74000,
      3247.664399092969
    ]
  }
}