{
  "src": [
    "pl_055.mp3"
  ],
  "sprite": {
    "N55": [
      0,
      3293.514739229025
    ],
    "S00-TITLE": [
      5000,
      2513.4693877551017
    ],
    "S01": [
      9000,
      4429.818594104308
    ],
    "S02": [
      15000,
      3232.0861678004535
    ],
    "S03": [
      20000,
      5019.478458049885
    ],
    "S04": [
      27000,
      4356.12244897959
    ],
    "S05": [
      33000,
      4835.215419501133
    ],
    "S06": [
      39000,
      3748.0498866213165
    ],
    "S07": [
      44000,
      4042.879818594102
    ],
    "S08": [
      50000,
      4890.49886621315
    ],
    "S09": [
      56000,
      5975.192743764175
    ],
    "S10": [
      63000,
      5975.192743764168
    ],
    "S11": [
      70000,
      4509.682539682543
    ],
    "S12": [
      76000,
      3840.1814058956916
    ],
    "T00-TRANSLATE": [
      81000,
      4798.367346938775
    ],
    "T01": [
      87000,
      3582.199546485256
    ],
    "T02": [
      92000,
      3895.4648526077162
    ],
    "T03": [
      97000,
      4761.519274376411
    ],
    "T04": [
      103000,
      3748.027210884359
    ],
    "T05": [
      108000,
      4190.272108843545
    ]
  }
}