{
  "src": [
    "pl_034.mp3"
  ],
  "sprite": {
    "N34": [
      0,
      3393.061224489796
    ],
    "S00-TITLE": [
      5000,
      3023.9682539682544
    ],
    "S01": [
      10000,
      5036.145124716553
    ],
    "S02": [
      17000,
      4047.868480725626
    ],
    "S03": [
      23000,
      5583.809523809524
    ],
    "S04": [
      30000,
      4285.986394557824
    ],
    "S05": [
      36000,
      5059.886621315193
    ],
    "S06": [
      43000,
      3559.727891156463
    ],
    "S07": [
      48000,
      4369.342403628118
    ],
    "S08": [
      54000,
      4833.696145124719
    ],
    "S09": [
      60000,
      4393.174603174601
    ],
    "S10": [
      66000,
      2714.4217687074815
    ],
    "S11": [
      70000,
      4214.580498866212
    ],
    "S12": [
      76000,
      3809.773242630385
    ],
    "T00-TRANSLATE": [
      81000,
      4595.555555555549
    ],
    "T01": [
      87000,
      3321.6099773242577
    ],
    "T02": [
      92000,
      3952.6303854875237
    ],
    "T03": [
      97000,
      3666.8934240362746
    ],
    "T04": [
      102000,
      4012.154195011334
    ],
    "T05": [
      108000,
      3512.108843537419
    ]
  }
}