{
  "src": [
    "pl_049.mp3"
  ],
  "sprite": {
    "N49": [
      0,
      3658.185941043084
    ],
    "S00-TITLE": [
      5000,
      2962.9251700680275
    ],
    "S01": [
      9000,
      3267.120181405897
    ],
    "S02": [
      14000,
      3339.5238095238115
    ],
    "S03": [
      19000,
      4078.2539682539677
    ],
    "S04": [
      25000,
      3701.6553287981856
    ],
    "S05": [
      30000,
      4787.981859410429
    ],
    "S06": [
      36000,
      3136.7573696145146
    ],
    "S07": [
      41000,
      3889.9546485260785
    ],
    "S08": [
      46000,
      5294.943310657593
    ],
    "S09": [
      53000,
      3455.4195011337897
    ],
    "S10": [
      58000,
      3455.4195011337897
    ],
    "S11": [
      63000,
      3933.4013605442237
    ],
    "S12": [
      68000,
      3832.0181405895682
    ]
  }
}