{
  "src": [
    "pl_048.mp3"
  ],
  "sprite": {
    "N48": [
      0,
      3382.7664399092973
    ],
    "S00-TITLE": [
      5000,
      2457.34693877551
    ],
    "S01": [
      9000,
      4659.229024943311
    ],
    "S02": [
      15000,
      2888.1405895691614
    ],
    "S03": [
      19000,
      3271.065759637189
    ],
    "S04": [
      24000,
      4675.192743764172
    ],
    "S05": [
      30000,
      4978.34467120181
    ],
    "S06": [
      36000,
      4914.512471655328
    ],
    "S07": [
      42000,
      3334.9206349206356
    ],
    "S08": [
      47000,
      4036.9614512471658
    ],
    "S09": [
      53000,
      3781.678004535145
    ],
    "S10": [
      58000,
      4467.755102040819
    ],
    "T00-TRANSLATE": [
      64000,
      4611.360544217689
    ],
    "T01": [
      70000,
      3414.671201814059
    ],
    "T02": [
      75000,
      3483.8095238095266
    ],
    "T03": [
      80000,
      3941.224489795914
    ],
    "T04": [
      85000,
      3989.09297052154
    ],
    "T05": [
      90000,
      5090.022675736961
    ]
  }
}