{
  "src": [
    "pl_096.mp3"
  ],
  "sprite": {
    "N96": [
      0,
      3438.7981859410434
    ],
    "S00-TITLE": [
      5000,
      3071.9954648526073
    ],
    "S01": [
      10000,
      5715.986394557824
    ],
    "S02": [
      17000,
      5270.589569160997
    ],
    "S03": [
      24000,
      5296.802721088437
    ],
    "S04": [
      31000,
      8021.587301587303
    ],
    "S05": [
      41000,
      5060.997732426302
    ],
    "S06": [
      48000,
      6056.575963718821
    ],
    "S07": [
      56000,
      4958.390022675737
    ],
    "S08": [
      62000,
      5637.392290249437
    ],
    "S09": [
      69000,
      6108.979591836729
    ],
    "S10": [
      77000,
      5480.1814058956925
    ],
    "S11": [
      84000,
      3491.201814058954
    ],
    "S12": [
      89000,
      6004.195011337871
    ],
    "S13": [
      97000,
      5141.791383219953
    ],
    "S14": [
      104000,
      3045.782312925169
    ],
    "S15": [
      109000,
      3569.7959183673474
    ],
    "T00-TRANSLATE": [
      114000,
      4853.582766439914
    ],
    "T01": [
      120000,
      5008.594104308387
    ],
    "T02": [
      127000,
      4041.4058956916106
    ],
    "T03": [
      133000,
      4827.392290249435
    ],
    "T04": [
      139000,
      5036.984126984124
    ],
    "T05": [
      146000,
      4111.247165532887
    ]
  }
}