{
  "src": [
    "pl_007.mp3"
  ],
  "sprite": {
    "N7": [
      0,
      2791.451247165533
    ],
    "S00-TITLE": [
      4000,
      2966.71201814059
    ],
    "S01": [
      8000,
      3713.900226757369
    ],
    "S02": [
      13000,
      3141.995464852606
    ],
    "S03": [
      18000,
      2846.8027210884375
    ],
    "S04": [
      22000,
      2551.6099773242613
    ],
    "S05": [
      26000,
      2588.503401360544
    ],
    "S06": [
      30000,
      3492.5170068027214
    ],
    "S07": [
      35000,
      3483.2879818594124
    ],
    "S08": [
      40000,
      3501.768707482995
    ]
  }
}