{
  "src": [
    "pl_095.mp3"
  ],
  "sprite": {
    "N95": [
      0,
      3561.111111111111
    ],
    "S00-TITLE": [
      5000,
      2420.1360544217687
    ],
    "S01": [
      9000,
      4481.24716553288
    ],
    "S02": [
      15000,
      3892.335600907028
    ],
    "S03": [
      20000,
      4830.907029478457
    ],
    "S04": [
      26000,
      4168.390022675738
    ],
    "S05": [
      32000,
      4021.1791383219975
    ],
    "S06": [
      38000,
      5103.809523809524
    ],
    "S07": [
      45000,
      4168.390022675738
    ],
    "S08": [
      51000,
      6336.802721088432
    ],
    "S09": [
      59000,
      6815.238095238101
    ],
    "S10": [
      67000,
      4113.174603174599
    ],
    "S11": [
      73000,
      6944.081632653067
    ],
    "S12": [
      81000,
      5382.970521541949
    ],
    "S13": [
      88000,
      4278.820861677999
    ],
    "S14": [
      94000,
      6833.6734693877615
    ],
    "S15": [
      102000,
      6686.43990929705
    ],
    "T00-TRANSLATE": [
      110000,
      4389.2290249433045
    ],
    "T01": [
      116000,
      4113.174603174599
    ],
    "T02": [
      122000,
      4628.458049886618
    ],
    "T03": [
      128000,
      4757.27891156464
    ],
    "T04": [
      134000,
      4720.476190476176
    ],
    "T05": [
      140000,
      5435.0566893424175
    ]
  }
}