{
  "src": [
    "pl_033.mp3"
  ],
  "sprite": {
    "N33": [
      0,
      3395.4421768707484
    ],
    "S00-TITLE": [
      5000,
      2431.9954648526077
    ],
    "S01": [
      9000,
      4055.170068027211
    ],
    "S02": [
      15000,
      3384.965986394558
    ],
    "S03": [
      20000,
      3186.0090702947837
    ],
    "S04": [
      25000,
      3594.399092970523
    ],
    "S05": [
      30000,
      4746.326530612244
    ],
    "S06": [
      36000,
      3007.9591836734708
    ],
    "S07": [
      41000,
      3060.317460317464
    ],
    "S08": [
      46000,
      3761.9501133786885
    ],
    "S09": [
      51000,
      3908.54875283447
    ],
    "S10": [
      56000,
      3206.938775510203
    ],
    "S11": [
      61000,
      4840.566893424039
    ],
    "S12": [
      67000,
      3489.6825396825334
    ],
    "T00-TRANSLATE": [
      72000,
      4495.011337868476
    ],
    "T01": [
      78000,
      3845.71428571428
    ],
    "T02": [
      83000,
      3601.3832199546414
    ],
    "T03": [
      88000,
      3761.9501133786885
    ],
    "T04": [
      93000,
      3908.571428571435
    ],
    "T05": [
      98000,
      3091.746031746027
    ]
  }
}