{
  "src": [
    "pl_086.mp3"
  ],
  "sprite": {
    "N86": [
      0,
      3615.918367346939
    ],
    "S00-TITLE": [
      5000,
      2410.3401360544217
    ],
    "S01": [
      9000,
      5412.01814058957
    ],
    "S02": [
      16000,
      5461.224489795917
    ],
    "S03": [
      23000,
      4280.2267573696145
    ],
    "S04": [
      29000,
      6240.61224489796
    ],
    "S05": [
      37000,
      5141.36054421769
    ],
    "S06": [
      44000,
      5600.907029478456
    ],
    "S07": [
      51000,
      5133.446712018142
    ],
    "S08": [
      58000,
      3050.0453514739265
    ],
    "S09": [
      63000,
      6142.199546485259
    ],
    "S10": [
      71000,
      6314.42176870749
    ],
    "S11": [
      79000,
      4378.662131519278
    ],
    "S12": [
      85000,
      4477.0521541950075
    ],
    "S13": [
      91000,
      7175.555555555562
    ],
    "S14": [
      100000,
      5289.002267573693
    ],
    "T00-TRANSLATE": [
      107000,
      4600.068027210881
    ],
    "T01": [
      113000,
      4280.226757369618
    ],
    "T02": [
      119000,
      5042.947845804989
    ],
    "T03": [
      126000,
      5018.344671201817
    ],
    "T04": [
      133000,
      4550.861678004538
    ],
    "T05": [
      139000,
      4649.274376417225
    ]
  }
}