{
  "src": [
    "pl_005.mp3"
  ],
  "sprite": {
    "N5": [
      0,
      2852.607709750567
    ],
    "S00-TITLE": [
      4000,
      2494.081632653061
    ],
    "S01": [
      8000,
      3227.4149659863942
    ],
    "S02": [
      13000,
      3618.5487528344675
    ],
    "S03": [
      18000,
      3031.8820861678014
    ],
    "S04": [
      23000,
      3537.0521541950097
    ],
    "S05": [
      28000,
      3471.882086167799
    ],
    "S06": [
      33000,
      2934.104308390026
    ],
    "S07": [
      37000,
      3830.3854875283464
    ],
    "T00-TRANSLATE": [
      42000,
      4531.156462585031
    ],
    "T01": [
      48000,
      2657.0521541950143
    ],
    "T02": [
      52000,
      2901.5192743764187
    ],
    "T03": [
      56000,
      2657.0521541950143
    ],
    "T04": [
      60000,
      2950.4081632653083
    ],
    "T05": [
      64000,
      2868.8888888888896
    ]
  }
}