{
  "src": [
    "pl_016.mp3"
  ],
  "sprite": {
    "N16": [
      0,
      3020.839002267574
    ],
    "S00-TITLE": [
      5000,
      2621.2925170068024
    ],
    "S01": [
      9000,
      4180.770975056688
    ],
    "S02": [
      15000,
      3639.4784580498863
    ],
    "S03": [
      20000,
      3652.358276643991
    ],
    "S04": [
      25000,
      2672.8571428571436
    ],
    "S05": [
      29000,
      4657.641723356008
    ],
    "S06": [
      35000,
      3575.034013605439
    ],
    "S07": [
      40000,
      2453.7414965986386
    ],
    "S08": [
      44000,
      3136.825396825394
    ],
    "S09": [
      49000,
      2685.7369614512477
    ],
    "S10": [
      53000,
      2930.6122448979577
    ],
    "T00-TRANSLATE": [
      57000,
      4696.326530612247
    ],
    "T01": [
      63000,
      3046.6213151927377
    ],
    "T02": [
      68000,
      3562.1315192743737
    ],
    "T03": [
      73000,
      3343.0385487528297
    ],
    "T04": [
      78000,
      3059.478458049881
    ],
    "T05": [
      83000,
      3420.362811791378
    ]
  }
}