{
  "src": [
    "pl_062.mp3"
  ],
  "sprite": {
    "N62": [
      0,
      3510.8390022675735
    ],
    "S00-TITLE": [
      5000,
      2457.528344671202
    ],
    "S01": [
      9000,
      4506.689342403629
    ],
    "S02": [
      15000,
      3434.2176870748312
    ],
    "S03": [
      20000,
      3185.260770975056
    ],
    "S04": [
      25000,
      4589.659863945578
    ],
    "S05": [
      31000,
      3606.5986394557826
    ],
    "S06": [
      36000,
      3166.1224489795927
    ],
    "S07": [
      41000,
      4410.907029478459
    ],
    "S08": [
      47000,
      4889.7052154195035
    ],
    "S09": [
      53000,
      3606.5986394557826
    ],
    "S10": [
      58000,
      5021.65532879819
    ],
    "S11": [
      65000,
      3549.1383219954714
    ],
    "S12": [
      70000,
      5215.26077097505
    ],
    "T00-TRANSLATE": [
      77000,
      5059.9773242630445
    ],
    "T01": [
      84000,
      4928.004535147395
    ],
    "T02": [
      90000,
      3874.6938775510243
    ],
    "T03": [
      95000,
      5059.9546485260735
    ],
    "T04": [
      102000,
      4544.965986394558
    ],
    "T05": [
      108000,
      4947.142857142864
    ]
  }
}