{
  "src": [
    "pl_027.mp3"
  ],
  "sprite": {
    "N27": [
      0,
      3162.993197278912
    ],
    "S00-TITLE": [
      5000,
      2836.3265306122453
    ],
    "S01": [
      9000,
      3563.8775510204077
    ],
    "S02": [
      14000,
      3756.8934240362814
    ],
    "S03": [
      19000,
      2628.458049886621
    ],
    "S04": [
      23000,
      3212.471655328798
    ],
    "S05": [
      28000,
      3014.5124716553296
    ],
    "S06": [
      33000,
      3935.102040816325
    ],
    "S07": [
      38000,
      4692.3356009070285
    ],
    "S08": [
      44000,
      5449.569160997733
    ],
    "S09": [
      51000,
      2658.1405895691573
    ],
    "S10": [
      55000,
      3831.1337868480705
    ],
    "T00-TRANSLATE": [
      60000,
      4350.839002267577
    ],
    "T01": [
      66000,
      3816.2811791383147
    ],
    "T02": [
      71000,
      3549.0249433106555
    ],
    "T03": [
      76000,
      3549.0249433106555
    ],
    "T04": [
      81000,
      4692.312925170071
    ],
    "T05": [
      87000,
      3875.668934240366
    ]
  }
}