{
  "src": [
    "pl_056.mp3"
  ],
  "sprite": {
    "N56": [
      0,
      3597.9138321995465
    ],
    "S00-TITLEV": [
      5000,
      2927.142857142857
    ],
    "S01": [
      9000,
      3412.380952380953
    ],
    "S02": [
      14000,
      3312.4943310657604
    ],
    "S03": [
      19000,
      2984.2403628117927
    ],
    "S04": [
      23000,
      2855.8049886621325
    ],
    "S05": [
      27000,
      3840.544217687075
    ],
    "S06": [
      32000,
      2912.8798185941064
    ],
    "S07": [
      36000,
      3626.4625850340126
    ],
    "S08": [
      41000,
      3341.020408163267
    ],
    "S09": [
      46000,
      4183.038548752833
    ],
    "S10": [
      52000,
      3669.2517006802705
    ],
    "S11": [
      57000,
      4682.539682539684
    ],
    "S12": [
      63000,
      3983.24263038549
    ],
    "S13": [
      68000,
      3169.750566893427
    ]
  }
}