{
  "src": [
    "pl_014.mp3"
  ],
  "sprite": {
    "N14": [
      0,
      3105.6009070294785
    ],
    "S00-TITLE": [
      5000,
      2952.698412698412
    ],
    "S01": [
      9000,
      2933.5600907029475
    ],
    "S02": [
      13000,
      2799.773242630385
    ],
    "S03": [
      17000,
      2799.7505668934223
    ],
    "S04": [
      21000,
      2704.19501133787
    ],
    "S05": [
      25000,
      4481.8367346938785
    ],
    "S06": [
      31000,
      4730.317460317458
    ],
    "S07": [
      37000,
      4176.009070294782
    ],
    "S08": [
      43000,
      3526.1224489795923
    ],
    "S09": [
      48000,
      3526.0997732426276
    ],
    "S10": [
      53000,
      3220.2721088435383
    ]
  }
}