{
  "src": [
    "pl_054.mp3"
  ],
  "sprite": {
    "N54": [
      0,
      3470.362811791383
    ],
    "S00-TITLE": [
      5000,
      2750.8390022675735
    ],
    "S01": [
      9000,
      4521.972789115647
    ],
    "S02": [
      15000,
      3658.5487528344665
    ],
    "S03": [
      20000,
      4544.126984126983
    ],
    "S04": [
      26000,
      3448.2312925170077
    ],
    "S05": [
      31000,
      4599.455782312923
    ],
    "S06": [
      37000,
      4488.775510204078
    ],
    "S07": [
      43000,
      3968.503401360543
    ],
    "S08": [
      48000,
      3071.8594104308395
    ],
    "S09": [
      53000,
      3503.582766439912
    ],
    "S10": [
      58000,
      3525.7142857142867
    ],
    "S11": [
      63000,
      3658.548752834463
    ],
    "T00-TRANSLATE": [
      68000,
      4710.158730158724
    ],
    "T01": [
      74000,
      3658.548752834463
    ],
    "T02": [
      79000,
      4721.224489795915
    ],
    "T03": [
      85000,
      3658.571428571435
    ],
    "T04": [
      90000,
      3603.219954648523
    ],
    "T05": [
      95000,
      3846.734693877551
    ]
  }
}