{
  "src": [
    "pl_080.mp3"
  ],
  "sprite": {
    "N80": [
      0,
      3281.201814058957
    ],
    "S00-TITLE": [
      5000,
      3142.4036281179146
    ],
    "S01": [
      10000,
      3350.6122448979595
    ],
    "S02": [
      15000,
      4345.306122448981
    ],
    "S03": [
      21000,
      5187.006802721086
    ],
    "S04": [
      28000,
      5402.902494331066
    ],
    "S05": [
      35000,
      5418.344671201815
    ],
    "S06": [
      42000,
      3142.4036281179115
    ],
    "S07": [
      47000,
      5950.385487528344
    ],
    "S08": [
      54000,
      2841.7006802721116
    ],
    "S09": [
      58000,
      6389.886621315199
    ],
    "S10": [
      66000,
      4576.621315192739
    ],
    "S11": [
      72000,
      4414.716553287988
    ],
    "S12": [
      78000,
      4553.492063492058
    ],
    "S13": [
      84000,
      5487.73242630385
    ],
    "S14": [
      91000,
      4669.160997732433
    ],
    "S15": [
      97000,
      6852.562358276643
    ],
    "T00-TRANSLATE": [
      105000,
      5270.634920634919
    ],
    "T01": [
      112000,
      4090.8390022675717
    ],
    "T02": [
      118000,
      5178.072562358281
    ],
    "T03": [
      125000,
      4460.975056689335
    ],
    "T04": [
      131000,
      4275.918367346947
    ],
    "T05": [
      137000,
      4299.047619047627
    ]
  }
}