{
  "src": [
    "pl_047.mp3"
  ],
  "sprite": {
    "N47": [
      0,
      3280.544217687075
    ],
    "S00-TITLE": [
      5000,
      2366.213151927438
    ],
    "S01": [
      9000,
      3585.3061224489797
    ],
    "S02": [
      14000,
      3553.219954648526
    ],
    "S03": [
      19000,
      4259.024943310656
    ],
    "S04": [
      25000,
      5125.260770975057
    ],
    "S05": [
      32000,
      4560.589569160996
    ],
    "S06": [
      38000,
      4226.9614512471635
    ],
    "S07": [
      44000,
      3456.984126984125
    ],
    "S08": [
      49000,
      6758.684807256238
    ],
    "S09": [
      57000,
      2189.7505668934227
    ],
    "S10": [
      61000,
      3489.0702947845825
    ],
    "T00-TRANSLATE": [
      66000,
      5029.002267573702
    ],
    "T01": [
      73000,
      3825.918367346944
    ],
    "T02": [
      78000,
      4611.927437641725
    ],
    "T03": [
      84000,
      3617.392290249427
    ],
    "T04": [
      89000,
      3777.800453514743
    ],
    "T05": [
      94000,
      4916.712018140586
    ]
  }
}