{
  "src": [
    "pl_032.mp3"
  ],
  "sprite": {
    "N32": [
      0,
      3312.0861678004535
    ],
    "S00-TITLE": [
      5000,
      2474.2403628117913
    ],
    "S01": [
      9000,
      3390.0226757369614
    ],
    "S02": [
      14000,
      3458.208616780045
    ],
    "S03": [
      19000,
      5549.68253968254
    ],
    "S04": [
      26000,
      3955.0566893424025
    ],
    "S05": [
      31000,
      3721.24716553288
    ],
    "S06": [
      36000,
      3467.9591836734717
    ],
    "S07": [
      41000,
      3292.6077097505695
    ],
    "S08": [
      46000,
      3896.6213151927464
    ],
    "S09": [
      51000,
      3165.9410430838975
    ],
    "S10": [
      56000,
      5559.433106575966
    ],
    "S11": [
      63000,
      3906.3718820861623
    ],
    "S12": [
      68000,
      4880.589569161003
    ],
    "T00-TRANSLATE": [
      74000,
      4841.632653061225
    ],
    "T01": [
      80000,
      3731.0204081632605
    ],
    "T02": [
      85000,
      4354.512471655326
    ],
    "T03": [
      91000,
      3565.37414965986
    ],
    "T04": [
      96000,
      4510.408163265311
    ],
    "T05": [
      102000,
      4451.927437641729
    ]
  }
}