{
  "src": [
    "pl_003.mp3"
  ],
  "sprite": {
    "N3": [
      0,
      2881.337868480726
    ],
    "S00-TITLE": [
      4000,
      2201.995464852608
    ],
    "S01": [
      8000,
      3787.1201814058963
    ],
    "S02": [
      13000,
      3413.4920634920645
    ],
    "S03": [
      18000,
      2847.369614512473
    ],
    "S04": [
      22000,
      2383.151927437641
    ],
    "S05": [
      26000,
      3639.931972789114
    ],
    "S06": [
      31000,
      3254.988662131517
    ],
    "T00-TRANSLATE": [
      36000,
      4942.018140589567
    ],
    "T01": [
      42000,
      2892.6530612244933
    ],
    "T02": [
      46000,
      3945.646258503402
    ],
    "T03": [
      51000,
      2722.8344671201794
    ],
    "T04": [
      55000,
      2824.716553287985
    ],
    "T05": [
      59000,
      2688.8662131519254
    ]
  }
}