{
  "src": [
    "pl_050.mp3"
  ],
  "sprite": {
    "N50": [
      0,
      2924.263038548753
    ],
    "S00-TITLE": [
      4000,
      2686.87074829932
    ],
    "S01": [
      8000,
      4331.56462585034
    ],
    "S02": [
      14000,
      2703.832199546486
    ],
    "S03": [
      18000,
      4908.027210884356
    ],
    "S04": [
      24000,
      4501.111111111111
    ],
    "S05": [
      30000,
      3839.8412698412726
    ],
    "S06": [
      35000,
      3958.526077097503
    ],
    "S07": [
      40000,
      4246.780045351471
    ],
    "S08": [
      46000,
      4263.718820861676
    ],
    "S09": [
      52000,
      6001.836734693875
    ],
    "S10": [
      60000,
      2975.1247165532886
    ],
    "S11": [
      64000,
      5594.897959183669
    ],
    "T00-TRANSLATE": [
      71000,
      5399.750566893431
    ],
    "T01": [
      78000,
      3924.625850340135
    ],
    "T02": [
      83000,
      3721.179138322
    ],
    "T03": [
      88000,
      3873.764172335598
    ],
    "T04": [
      93000,
      4099.841269841264
    ],
    "T05": [
      99000,
      3941.587301587305
    ]
  }
}