{
  "src": [
    "pl_017.mp3"
  ],
  "sprite": {
    "N17": [
      0,
      3496.122448979592
    ],
    "S00-TITLE": [
      5000,
      2312.1541950113383
    ],
    "S01": [
      9000,
      3946.213151927438
    ],
    "S02": [
      14000,
      3006.8707482993204
    ],
    "S03": [
      19000,
      2732.902494331064
    ],
    "S04": [
      23000,
      3192.78911564626
    ],
    "S05": [
      28000,
      4983.424036281178
    ],
    "S06": [
      34000,
      2527.414965986395
    ],
    "S07": [
      38000,
      3114.512471655331
    ],
    "S08": [
      43000,
      3985.3741496598614
    ],
    "S09": [
      48000,
      3916.870748299317
    ],
    "T00-TRANSLATE": [
      53000,
      4582.244897959185
    ],
    "T01": [
      59000,
      3456.961451247167
    ],
    "T02": [
      64000,
      3427.641723356004
    ],
    "T03": [
      69000,
      4269.1383219954705
    ],
    "T04": [
      75000,
      2781.814058956911
    ],
    "T05": [
      79000,
      3290.634920634915
    ]
  }
}