{
  "src": [
    "pl_009.mp3"
  ],
  "sprite": {
    "N9": [
      0,
      2931.2698412698414
    ],
    "S00-TITLE": [
      4000,
      2550.476190476191
    ],
    "S01": [
      8000,
      3614.0589569161
    ],
    "S02": [
      13000,
      3535.2834467120183
    ],
    "S03": [
      18000,
      2077.755102040818
    ],
    "S04": [
      22000,
      3075.714285714284
    ],
    "S05": [
      27000,
      2799.9546485260753
    ],
    "S06": [
      31000,
      3811.0430839002306
    ],
    "S07": [
      36000,
      2327.233560090704
    ],
    "S08": [
      40000,
      3561.54195011338
    ],
    "T00-TRANSLATE": [
      45000,
      5032.199546485259
    ],
    "T01": [
      52000,
      2813.0839002267576
    ],
    "T02": [
      56000,
      3653.4467120181375
    ],
    "T03": [
      61000,
      2891.8820861677973
    ],
    "T04": [
      65000,
      3220.1360544217723
    ],
    "T05": [
      70000,
      2813.0839002267576
    ]
  }
}