{
  "src": [
    "pl_094.mp3"
  ],
  "sprite": {
    "N94": [
      0,
      3652.358276643991
    ],
    "S00-TITLE": [
      5000,
      2753.28798185941
    ],
    "S01": [
      9000,
      5150.839002267574
    ],
    "S02": [
      16000,
      4823.900226757371
    ],
    "S03": [
      22000,
      3870.3401360544235
    ],
    "S04": [
      27000,
      5041.859410430839
    ],
    "S05": [
      34000,
      5304.716553287982
    ],
    "S06": [
      41000,
      6585.238095238097
    ],
    "S07": [
      49000,
      7865.759637188205
    ],
    "S08": [
      58000,
      3788.5941043083876
    ],
    "S09": [
      63000,
      6340.045351473918
    ],
    "S10": [
      71000,
      5287.0748299319675
    ],
    "S11": [
      78000,
      4905.646258503395
    ],
    "S12": [
      84000,
      5876.870748299325
    ],
    "S13": [
      91000,
      5386.462585034011
    ],
    "S14": [
      98000,
      4415.238095238095
    ],
    "S15": [
      104000,
      7865.759637188205
    ],
    "S16": [
      113000,
      5767.891156462582
    ],
    "T00-TRANSLATE": [
      120000,
      5014.625850340139
    ],
    "T01": [
      127000,
      4061.0430839002165
    ],
    "T02": [
      133000,
      4960.136054421781
    ],
    "T03": [
      139000,
      5713.401360544225
    ],
    "T04": [
      146000,
      4197.256235827666
    ],
    "T05": [
      152000,
      4551.451247165545
    ]
  }
}