{
  "src": [
    "pl_071.mp3"
  ],
  "sprite": {
    "N71": [
      0,
      3611.8820861678005
    ],
    "S00-TITLE": [
      5000,
      3066.1224489795914
    ],
    "S01": [
      10000,
      6410.226757369614
    ],
    "S02": [
      18000,
      5437.346938775512
    ],
    "S03": [
      25000,
      3303.401360544218
    ],
    "S04": [
      30000,
      4086.4852607709777
    ],
    "S05": [
      36000,
      4679.682539682538
    ],
    "S06": [
      42000,
      6078.004535147393
    ],
    "S07": [
      50000,
      5130.544217687074
    ],
    "S08": [
      57000,
      4537.324263038549
    ],
    "S09": [
      63000,
      4371.2018140589635
    ],
    "S10": [
      69000,
      5840.72562358277
    ],
    "S11": [
      76000,
      5484.807256235826
    ],
    "S12": [
      83000,
      4679.705215419503
    ],
    "S13": [
      89000,
      5486.485260770976
    ],
    "S14": [
      96000,
      5344.1043083900295
    ],
    "T00-TRANSLATE": [
      103000,
      4798.344671201818
    ],
    "T01": [
      109000,
      5154.263038548748
    ],
    "T02": [
      116000,
      4347.505668934246
    ],
    "T03": [
      122000,
      5225.464852607714
    ],
    "T04": [
      129000,
      5296.64399092971
    ],
    "T05": [
      136000,
      4561.0430839002165
    ]
  }
}