{
  "src": [
    "pl_025.mp3"
  ],
  "sprite": {
    "N25": [
      0,
      3284.3990929705215
    ],
    "S00-TITLE": [
      5000,
      2544.512471655329
    ],
    "S01": [
      9000,
      4706.099773242631
    ],
    "S02": [
      15000,
      5257.36961451247
    ],
    "S03": [
      22000,
      4270.884353741497
    ],
    "S04": [
      28000,
      3792.1541950113387
    ],
    "S05": [
      33000,
      3153.8321995464858
    ],
    "S06": [
      38000,
      5228.34467120181
    ],
    "S07": [
      45000,
      2225.3741496598636
    ],
    "S08": [
      49000,
      4778.616780045354
    ],
    "S09": [
      55000,
      3893.6961451247143
    ],
    "S10": [
      60000,
      3908.208616780044
    ],
    "S11": [
      65000,
      2776.643990929699
    ],
    "T00-TRANSLATE": [
      69000,
      4923.6961451247225
    ],
    "T01": [
      75000,
      3240.8843537414923
    ],
    "T02": [
      80000,
      3037.7777777777765
    ],
    "T03": [
      85000,
      3095.8049886621384
    ],
    "T04": [
      90000,
      3385.9410430839034
    ],
    "T05": [
      95000,
      3414.965986394563
    ]
  }
}