{
  "src": [
    "pl_021.mp3"
  ],
  "sprite": {
    "N21": [
      0,
      3545.8956916099773
    ],
    "S00-TITLE": [
      5000,
      3042.04081632653
    ],
    "S01": [
      10000,
      4011.5646258503402
    ],
    "S02": [
      16000,
      2851.2244897959176
    ],
    "S03": [
      20000,
      2782.4943310657595
    ],
    "S04": [
      24000,
      3011.5192743764183
    ],
    "S05": [
      29000,
      3026.7800453514724
    ],
    "S06": [
      34000,
      2530.589569160995
    ],
    "S07": [
      38000,
      3202.380952380949
    ],
    "S08": [
      43000,
      3645.1247165532905
    ],
    "S09": [
      48000,
      2530.589569160995
    ],
    "S10": [
      52000,
      3668.0498866213184
    ]
  }
}