{
  "src": [
    "pl_045.mp3"
  ],
  "sprite": {
    "N45": [
      0,
      3472.267573696145
    ],
    "S00-TITLE": [
      5000,
      2835.5555555555557
    ],
    "S01": [
      9000,
      3782.857142857143
    ],
    "S02": [
      14000,
      3580.9750566893435
    ],
    "S03": [
      19000,
      4497.233560090703
    ],
    "S04": [
      25000,
      3782.879818594104
    ],
    "S05": [
      30000,
      4714.625850340134
    ],
    "S06": [
      36000,
      4202.154195011339
    ],
    "S07": [
      42000,
      4077.9365079365066
    ],
    "S08": [
      48000,
      4435.102040816325
    ],
    "S09": [
      54000,
      2478.367346938775
    ],
    "S10": [
      58000,
      3130.612244897961
    ],
    "T00-TRANSLATE": [
      63000,
      4574.875283446716
    ],
    "T01": [
      69000,
      3844.988662131513
    ],
    "T02": [
      74000,
      4222.879818594109
    ],
    "T03": [
      80000,
      4636.984126984132
    ],
    "T04": [
      86000,
      4093.4467120181353
    ],
    "T05": [
      92000,
      3643.083900226756
    ]
  }
}