{
  "src": [
    "pl_039.mp3"
  ],
  "sprite": {
    "N39": [
      0,
      3552.721088435374
    ],
    "S00-TITLE": [
      5000,
      2819.591836734694
    ],
    "S01": [
      9000,
      4706.8934240362805
    ],
    "S02": [
      15000,
      4714.3990929705205
    ],
    "S03": [
      21000,
      4906.145124716552
    ],
    "S04": [
      27000,
      2830.884353741496
    ],
    "S05": [
      31000,
      5199.387755102038
    ],
    "S06": [
      38000,
      5127.981859410433
    ],
    "S07": [
      45000,
      6086.666666666666
    ],
    "S08": [
      53000,
      3767.006802721092
    ],
    "S09": [
      58000,
      4376.054421768707
    ],
    "T00-TRANSLATE": [
      64000,
      4635.442176870754
    ],
    "T01": [
      70000,
      3485.034013605443
    ],
    "T02": [
      75000,
      4533.945578231297
    ],
    "T03": [
      81000,
      3721.8820861677955
    ],
    "T04": [
      86000,
      3699.319727891151
    ],
    "T05": [
      91000,
      3428.6394557823173
    ]
  }
}