{
  "src": [
    "pl_079.mp3"
  ],
  "sprite": {
    "N79": [
      0,
      3705.3061224489797
    ],
    "S00-TITLE": [
      5000,
      3489.4104308390015
    ],
    "S01": [
      10000,
      4854.217687074829
    ],
    "S02": [
      16000,
      7037.619047619046
    ],
    "S03": [
      25000,
      5742.19954648526
    ],
    "S04": [
      32000,
      4993.038548752836
    ],
    "S05": [
      38000,
      7268.934240362811
    ],
    "S06": [
      47000,
      4946.757369614509
    ],
    "S07": [
      53000,
      6598.09523809524
    ],
    "S08": [
      61000,
      4831.111111111113
    ],
    "S09": [
      67000,
      5270.634920634919
    ],
    "S10": [
      74000,
      3396.870748299321
    ],
    "S11": [
      79000,
      6066.054421768712
    ],
    "S12": [
      87000,
      4761.7006802721135
    ],
    "S13": [
      93000,
      3211.814058956918
    ],
    "T00-TRANSLATE": [
      98000,
      4831.088435374156
    ],
    "T01": [
      104000,
      4854.240362811794
    ],
    "T02": [
      110000,
      4183.401360544223
    ],
    "T03": [
      116000,
      5131.836734693878
    ],
    "T04": [
      123000,
      4807.959183673475
    ],
    "T05": [
      129000,
      4923.628117913836
    ]
  }
}