{
  "src": [
    "pl_024.mp3"
  ],
  "sprite": {
    "N24": [
      0,
      3342.0408163265306
    ],
    "S00-TITLE": [
      5000,
      2473.4240362811784
    ],
    "S01": [
      9000,
      4465.215419501135
    ],
    "S02": [
      15000,
      2608.208616780047
    ],
    "S03": [
      19000,
      3237.188208616779
    ],
    "S04": [
      24000,
      2383.5827664399076
    ],
    "S05": [
      28000,
      2742.9931972789136
    ],
    "S06": [
      32000,
      4090.8163265306143
    ],
    "S07": [
      38000,
      3267.165532879815
    ],
    "S08": [
      43000,
      4285.510204081632
    ],
    "S09": [
      49000,
      3806.2811791383238
    ],
    "S10": [
      54000,
      5328.027210884357
    ],
    "T00-TRANSLATE": [
      61000,
      4899.523809523814
    ],
    "T01": [
      67000,
      3836.235827664396
    ],
    "T02": [
      72000,
      3057.4829931972827
    ],
    "T03": [
      77000,
      4030.907029478456
    ],
    "T04": [
      83000,
      3671.4965986394504
    ],
    "T05": [
      88000,
      3851.2018140589535
    ]
  }
}