{
  "src": [
    "pl_008.mp3"
  ],
  "sprite": {
    "N8": [
      0,
      2990.861678004535
    ],
    "S00-TITLE": [
      4000,
      2939.9092970521538
    ],
    "S01": [
      8000,
      2621.3378684807262
    ],
    "S02": [
      12000,
      3029.0929705215426
    ],
    "S03": [
      17000,
      2697.800453514738
    ],
    "S04": [
      21000,
      2901.678004535146
    ],
    "S05": [
      25000,
      2685.056689342403
    ],
    "S06": [
      29000,
      2557.619047619049
    ],
    "S07": [
      33000,
      4303.333333333335
    ],
    "S08": [
      39000,
      3640.748299319725
    ],
    "T00-TRANSLATE": [
      44000,
      4770.566893424039
    ],
    "T01": [
      50000,
      3360.408163265305
    ],
    "T02": [
      55000,
      2799.7505668934223
    ],
    "T03": [
      59000,
      2927.142857142854
    ],
    "T04": [
      63000,
      2697.7777777777733
    ],
    "T05": [
      67000,
      3385.895691609974
    ]
  }
}