{
  "src": [
    "pl_063.mp3"
  ],
  "sprite": {
    "N63": [
      0,
      3401.5873015873017
    ],
    "S00-TITLE": [
      5000,
      3145.1927437641716
    ],
    "S01": [
      10000,
      3743.4240362811797
    ],
    "S02": [
      15000,
      4555.351473922904
    ],
    "S03": [
      21000,
      5145.034013605443
    ],
    "S04": [
      28000,
      4533.990929705212
    ],
    "S05": [
      34000,
      3316.1224489795914
    ],
    "S06": [
      39000,
      5978.299319727888
    ],
    "S07": [
      46000,
      3828.911564625848
    ],
    "S08": [
      51000,
      4533.968253968254
    ],
    "S09": [
      57000,
      5593.696145124717
    ],
    "S10": [
      64000,
      4469.886621315198
    ],
    "S11": [
      70000,
      3572.517006802727
    ],
    "S12": [
      75000,
      5068.140589569168
    ],
    "S13": [
      82000,
      5080.907029478453
    ],
    "S14": [
      89000,
      4021.201814058955
    ]
  }
}