{
  "src": [
    "pl_035.mp3"
  ],
  "sprite": {
    "N35": [
      0,
      3482.517006802721
    ],
    "S00-TITLE": [
      5000,
      3043.356009070294
    ],
    "S01": [
      10000,
      4385.9410430839
    ],
    "S02": [
      16000,
      3034.9886621315177
    ],
    "S03": [
      21000,
      3620.544217687076
    ],
    "S04": [
      26000,
      3432.3129251700666
    ],
    "S05": [
      31000,
      3733.4693877551003
    ],
    "S06": [
      36000,
      2679.4784580498854
    ],
    "S07": [
      40000,
      2704.5578231292493
    ],
    "S08": [
      44000,
      2942.9705215419517
    ],
    "S09": [
      48000,
      3156.2811791383183
    ],
    "S10": [
      53000,
      4335.736961451246
    ],
    "S11": [
      59000,
      4938.027210884357
    ],
    "S12": [
      65000,
      3106.099773242633
    ]
  }
}