{
  "src": [
    "pl_085.mp3"
  ],
  "sprite": {
    "N85": [
      0,
      3649.7959183673465
    ],
    "S00-TITLE": [
      5000,
      2691.632653061225
    ],
    "S01": [
      9000,
      4132.902494331066
    ],
    "S02": [
      15000,
      5565.30612244898
    ],
    "S03": [
      22000,
      5009.750566893424
    ],
    "S04": [
      29000,
      4567.687074829933
    ],
    "S05": [
      35000,
      6628.117913832199
    ],
    "S06": [
      43000,
      6000.090702947844
    ],
    "S07": [
      51000,
      3166.712018140586
    ],
    "S08": [
      56000,
      3045.9183673469424
    ],
    "S09": [
      61000,
      5340.657596371883
    ],
    "S10": [
      68000,
      3939.6598639455788
    ],
    "S11": [
      73000,
      6507.346938775512
    ],
    "S12": [
      81000,
      7618.503401360542
    ],
    "S13": [
      90000,
      5074.943310657602
    ],
    "S14": [
      97000,
      6145.034013605439
    ],
    "T00-TRANSLATE": [
      105000,
      4616.00907029478
    ],
    "T01": [
      111000,
      4229.523809523812
    ],
    "T02": [
      117000,
      5492.857142857148
    ],
    "T03": [
      124000,
      4881.723356009075
    ],
    "T04": [
      130000,
      3987.981859410439
    ],
    "T05": [
      135000,
      5123.265306122448
    ]
  }
}