{
  "src": [
    "pl_087.mp3"
  ],
  "sprite": {
    "N87": [
      0,
      3625.714285714286
    ],
    "S00-TITLE": [
      5000,
      3430.2494331065764
    ],
    "S01": [
      10000,
      4432.018140589569
    ],
    "S02": [
      16000,
      6131.020408163266
    ],
    "S03": [
      24000,
      4285.396825396823
    ],
    "S04": [
      30000,
      5300.272108843536
    ],
    "S05": [
      37000,
      5349.138321995469
    ],
    "S06": [
      44000,
      4822.94784580499
    ],
    "S07": [
      50000,
      3308.0725623582766
    ],
    "S08": [
      55000,
      5031.519274376415
    ],
    "S09": [
      62000,
      5409.342403628117
    ],
    "S10": [
      69000,
      5666.780045351473
    ],
    "S11": [
      76000,
      3503.53741496599
    ],
    "S12": [
      81000,
      3308.0725623582766
    ],
    "S13": [
      86000,
      3527.959183673474
    ],
    "S14": [
      91000,
      5140.566893424037
    ],
    "S15": [
      98000,
      4309.841269841271
    ],
    "T00-TRANSLATE": [
      104000,
      4432.018140589576
    ],
    "T01": [
      110000,
      5226.984126984121
    ],
    "T02": [
      117000,
      5422.448979591834
    ],
    "T03": [
      124000,
      5300.294784580501
    ],
    "T04": [
      131000,
      5042.857142857145
    ],
    "T05": [
      138000,
      3967.777777777769
    ]
  }
}