{
  "src": [
    "pl_044.mp3"
  ],
  "sprite": {
    "N44": [
      0,
      3446.71201814059
    ],
    "S00-TITLE": [
      5000,
      2677.845804988662
    ],
    "S01": [
      9000,
      3888.412698412699
    ],
    "S02": [
      14000,
      5449.637188208616
    ],
    "S03": [
      21000,
      3593.945578231292
    ],
    "S04": [
      26000,
      4084.7165532879826
    ],
    "S05": [
      32000,
      2841.45124716553
    ],
    "S06": [
      36000,
      6796.553287981858
    ],
    "S07": [
      44000,
      4664.920634920634
    ],
    "S08": [
      50000,
      4526.417233560089
    ],
    "S09": [
      56000,
      3643.0158730158696
    ],
    "S10": [
      61000,
      4559.138321995462
    ],
    "T00-TRANSLATE": [
      67000,
      4411.882086167793
    ],
    "T01": [
      73000,
      4101.088435374151
    ],
    "T02": [
      79000,
      3822.993197278919
    ],
    "T03": [
      84000,
      3659.365079365074
    ],
    "T04": [
      89000,
      4346.462585034018
    ],
    "T05": [
      95000,
      3577.5963718820803
    ]
  }
}