{
  "src": [
    "pl_010.mp3"
  ],
  "sprite": {
    "N10": [
      0,
      3215.8956916099773
    ],
    "S00-TITLE": [
      5000,
      2655.600907029479
    ],
    "S01": [
      9000,
      2603.083900226757
    ],
    "S02": [
      13000,
      2848.2086167800453
    ],
    "S03": [
      17000,
      3040.8163265306134
    ],
    "S04": [
      22000,
      2235.396825396826
    ],
    "S05": [
      26000,
      2935.7596371882087
    ],
    "S06": [
      30000,
      2340.4535147392307
    ],
    "S07": [
      34000,
      2638.0952380952394
    ],
    "S08": [
      38000,
      4003.832199546487
    ],
    "S09": [
      44000,
      3951.2925170068056
    ],
    "T00-TRANSLATE": [
      49000,
      4949.319727891158
    ],
    "T01": [
      55000,
      2935.7596371882055
    ],
    "T02": [
      59000,
      2848.2086167800417
    ],
    "T03": [
      63000,
      3653.628117913826
    ],
    "T04": [
      68000,
      2568.0725623582816
    ],
    "T05": [
      72000,
      3093.333333333334
    ]
  }
}