{
  "src": [
    "pl_072.mp3"
  ],
  "sprite": {
    "N72": [
      0,
      3704.852607709751
    ],
    "S00-TITLE": [
      5000,
      2934.897959183674
    ],
    "S01": [
      9000,
      4194.807256235828
    ],
    "S02": [
      15000,
      3809.818594104307
    ],
    "S03": [
      20000,
      4579.795918367346
    ],
    "S04": [
      26000,
      2934.8979591836724
    ],
    "S05": [
      30000,
      5024.716553287981
    ],
    "S06": [
      37000,
      5339.7052154195
    ],
    "S07": [
      44000,
      3949.8185941043075
    ],
    "S08": [
      49000,
      4544.784580498863
    ],
    "S09": [
      55000,
      5514.671201814061
    ],
    "S10": [
      62000,
      3109.8866213151978
    ],
    "S11": [
      67000,
      4579.795918367353
    ],
    "S12": [
      73000,
      3039.8866213151905
    ],
    "S13": [
      78000,
      6520.884353741493
    ],
    "S14": [
      86000,
      5231.179138321992
    ],
    "T00-TRANSLATE": [
      93000,
      5307.120181405892
    ],
    "T01": [
      100000,
      4862.403628117917
    ],
    "T02": [
      106000,
      4265.850340136055
    ],
    "T03": [
      112000,
      4189.931972789111
    ],
    "T04": [
      118000,
      4515.328798185948
    ],
    "T05": [
      124000,
      4298.390022675732
    ]
  }
}