{
  "src": [
    "pl_011.mp3"
  ],
  "sprite": {
    "N11": [
      0,
      3224.1496598639455
    ],
    "S00-TITLE": [
      5000,
      3089.1156462585022
    ],
    "S01": [
      10000,
      2403.6054421768717
    ],
    "S02": [
      14000,
      4522.448979591836
    ],
    "S03": [
      20000,
      3442.267573696146
    ],
    "S04": [
      25000,
      2497.0975056689326
    ],
    "S05": [
      29000,
      3743.4693877550985
    ],
    "S06": [
      34000,
      3369.5691609977343
    ],
    "S07": [
      39000,
      3390.317460317462
    ],
    "S08": [
      44000,
      3971.9727891156467
    ],
    "T00-TRANSLATE": [
      49000,
      4595.1473922902505
    ],
    "T01": [
      55000,
      2829.4557823129267
    ],
    "T02": [
      59000,
      2860.6349206349223
    ],
    "T03": [
      63000,
      3130.6802721088475
    ],
    "T04": [
      68000,
      2652.8798185941014
    ],
    "T05": [
      72000,
      2673.6734693877506
    ]
  }
}