{
  "src": [
    "pl_060.mp3"
  ],
  "sprite": {
    "N60": [
      0,
      3105.3968253968255
    ],
    "S00-TITLE": [
      5000,
      2990.725623582767
    ],
    "S01": [
      9000,
      3465.804988662132
    ],
    "S02": [
      14000,
      2450.136054421769
    ],
    "S03": [
      18000,
      5038.435374149661
    ],
    "S04": [
      25000,
      5423.061224489797
    ],
    "S05": [
      32000,
      3383.8775510204046
    ],
    "S06": [
      37000,
      3727.9138321995474
    ],
    "S07": [
      42000,
      3793.446712018138
    ],
    "S08": [
      47000,
      3514.965986394557
    ],
    "S09": [
      52000,
      3990.0226757369596
    ],
    "S10": [
      57000,
      3891.7233560090735
    ],
    "S11": [
      62000,
      3727.9138321995474
    ],
    "S12": [
      67000,
      3072.653061224486
    ],
    "T00-TRANSLATE": [
      72000,
      4661.678004535148
    ],
    "T01": [
      78000,
      3138.163265306119
    ],
    "T02": [
      83000,
      3908.1179138322
    ],
    "T03": [
      88000,
      5136.757369614515
    ],
    "T04": [
      95000,
      4044.6258503401396
    ],
    "T05": [
      101000,
      3957.2562358276714
    ]
  }
}