{
  "src": [
    "pl_043.mp3"
  ],
  "sprite": {
    "N43": [
      0,
      3375.328798185941
    ],
    "S00-TITLE": [
      5000,
      2437.641723356009
    ],
    "S01": [
      9000,
      3919.7732426303846
    ],
    "S02": [
      14000,
      3995.374149659863
    ],
    "S03": [
      19000,
      2634.2630385487523
    ],
    "S04": [
      23000,
      3420.702947845804
    ],
    "S05": [
      28000,
      4539.8412698412685
    ],
    "S06": [
      34000,
      2861.111111111114
    ],
    "S07": [
      38000,
      3753.401360544217
    ],
    "S08": [
      43000,
      4403.718820861677
    ],
    "S09": [
      49000,
      3057.7324263038577
    ],
    "S10": [
      54000,
      4161.7460317460345
    ],
    "S11": [
      60000,
      4191.972789115653
    ],
    "T00-TRANSLATE": [
      66000,
      4524.693877551016
    ],
    "T01": [
      72000,
      3723.1746031745984
    ],
    "T02": [
      77000,
      3632.4263038548706
    ],
    "T03": [
      82000,
      3965.124716553291
    ],
    "T04": [
      87000,
      3919.750566893427
    ],
    "T05": [
      92000,
      3647.551020408159
    ]
  }
}