{
  "src": [
    "pl_091.mp3"
  ],
  "sprite": {
    "N91": [
      0,
      3568.820861678005
    ],
    "S00-TITLE": [
      5000,
      3104.399092970521
    ],
    "S01": [
      10000,
      5342.108843537414
    ],
    "S02": [
      17000,
      4202.131519274374
    ],
    "S03": [
      23000,
      5897.64172335601
    ],
    "S04": [
      30000,
      5032.108843537415
    ],
    "S05": [
      37000,
      4750.997732426306
    ],
    "S06": [
      43000,
      5010.9977324263045
    ],
    "S07": [
      50000,
      5278.775510204085
    ],
    "S08": [
      57000,
      5489.886621315193
    ],
    "S09": [
      64000,
      3589.9546485260744
    ],
    "S10": [
      69000,
      5257.664399092974
    ],
    "S11": [
      76000,
      4835.4421768707425
    ],
    "S12": [
      82000,
      3252.1768707483006
    ]
  }
}