{
  "src": [
    "pl_083.mp3"
  ],
  "sprite": {
    "N83": [
      0,
      3602.222222222222
    ],
    "S00-TITLE": [
      5000,
      3399.614512471656
    ],
    "S01": [
      10000,
      5020.6122448979595
    ],
    "S02": [
      17000,
      3120.9750566893426
    ],
    "S03": [
      22000,
      5349.84126984127
    ],
    "S04": [
      29000,
      4260.748299319729
    ],
    "S05": [
      35000,
      5989.614512471654
    ],
    "S06": [
      42000,
      4868.639455782315
    ],
    "S07": [
      48000,
      3070.340136054419
    ],
    "S08": [
      53000,
      6166.916099773246
    ],
    "S09": [
      61000,
      4820.816326530618
    ],
    "S10": [
      67000,
      7277.188208616778
    ],
    "S11": [
      76000,
      3062.9931972789136
    ],
    "S12": [
      81000,
      5422.585034013608
    ],
    "S13": [
      88000,
      5070.045351473922
    ],
    "S14": [
      95000,
      2690.022675736955
    ],
    "S15": [
      99000,
      5813.333333333332
    ],
    "S16": [
      106000,
      5478.54875283447
    ],
    "T00-TRANSLATE": [
      113000,
      4501.678004535151
    ],
    "T01": [
      119000,
      5336.4625850340135
    ],
    "T02": [
      126000,
      5176.621315192733
    ],
    "T03": [
      133000,
      4128.684807256235
    ],
    "T04": [
      139000,
      4359.591836734694
    ],
    "T05": [
      145000,
      3737.936507936496
    ]
  }
}