{
  "src": [
    "pl_029.mp3"
  ],
  "sprite": {
    "N29": [
      0,
      3364.0589569160998
    ],
    "S00-TITLE": [
      5000,
      2410
    ],
    "S01": [
      9000,
      4259.410430839002
    ],
    "S02": [
      15000,
      3877.7777777777765
    ],
    "S03": [
      20000,
      5066.666666666666
    ],
    "S04": [
      27000,
      3863.0839002267585
    ],
    "S05": [
      32000,
      2967.7777777777765
    ],
    "S06": [
      36000,
      3686.9614512471644
    ],
    "S07": [
      41000,
      4009.863945578232
    ],
    "S08": [
      47000,
      3231.950113378687
    ],
    "S09": [
      52000,
      3657.6190476190504
    ],
    "S10": [
      57000,
      2865.011337868481
    ],
    "T00-TRANSLATE": [
      61000,
      4596.984126984125
    ],
    "T01": [
      67000,
      4861.179138322001
    ],
    "T02": [
      73000,
      3437.4603174603208
    ],
    "T03": [
      78000,
      3305.351473922897
    ],
    "T04": [
      83000,
      3378.730158730164
    ],
    "T05": [
      88000,
      3510.816326530616
    ]
  }
}