{
  "src": [
    "pl_090.mp3"
  ],
  "sprite": {
    "N90": [
      0,
      3254.5124716553287
    ],
    "S00-TITLE": [
      5000,
      3209.5011337868477
    ],
    "S01": [
      10000,
      5438.730158730159
    ],
    "S02": [
      17000,
      8197.959183673469
    ],
    "S03": [
      27000,
      4761.56462585034
    ],
    "S04": [
      33000,
      4964.013605442176
    ],
    "S05": [
      39000,
      4671.587301587301
    ],
    "S06": [
      45000,
      3951.814058956913
    ],
    "S07": [
      50000,
      3981.7913832199565
    ],
    "S08": [
      55000,
      4896.530612244895
    ],
    "S09": [
      61000,
      3771.859410430835
    ],
    "S10": [
      66000,
      3726.8707482993195
    ],
    "S11": [
      71000,
      3434.444444444438
    ],
    "S12": [
      76000,
      5391.405895691605
    ],
    "S13": [
      83000,
      5031.49659863945
    ],
    "S14": [
      90000,
      4896.530612244902
    ],
    "T00-TRANSLATE": [
      96000,
      4649.115646258508
    ],
    "T01": [
      102000,
      4221.723356009064
    ],
    "T02": [
      108000,
      4851.541950113372
    ],
    "T03": [
      114000,
      3861.836734693881
    ],
    "T04": [
      119000,
      5813.628117913837
    ],
    "T05": [
      126000,
      4739.09297052154
    ]
  }
}