{
  "src": [
    "pl_020.mp3"
  ],
  "sprite": {
    "N20": [
      0,
      3034.5804988662135
    ],
    "S00-TITLE": [
      5000,
      2991.9501133786853
    ],
    "S01": [
      9000,
      3162.4489795918366
    ],
    "S02": [
      14000,
      4057.619047619049
    ],
    "S03": [
      20000,
      2878.2766439909296
    ],
    "S04": [
      24000,
      2594.1043083900227
    ],
    "S05": [
      28000,
      2523.061224489794
    ],
    "S06": [
      32000,
      3830.294784580502
    ],
    "S07": [
      37000,
      3844.4897959183704
    ],
    "S08": [
      42000,
      4640.2040816326535
    ],
    "S09": [
      48000,
      4768.0725623582775
    ],
    "T00-TRANSLATE": [
      54000,
      4753.877551020409
    ],
    "T01": [
      60000,
      3418.2312925170068
    ],
    "T02": [
      65000,
      3375.6009070294795
    ],
    "T03": [
      70000,
      3560.294784580492
    ],
    "T04": [
      75000,
      3560.317460317464
    ],
    "T05": [
      80000,
      3389.7959183673406
    ]
  }
}