{
  "src": [
    "pl_092.mp3"
  ],
  "sprite": {
    "N92": [
      0,
      3562.5850340136058
    ],
    "S00-TITLE": [
      5000,
      2705.1247165532873
    ],
    "S01": [
      9000,
      5092.154195011338
    ],
    "S02": [
      16000,
      3840.7029478458057
    ],
    "S03": [
      21000,
      6446.167800453516
    ],
    "S04": [
      29000,
      4929.931972789113
    ],
    "S05": [
      35000,
      5310.61224489796
    ],
    "S06": [
      42000,
      5138.526077097509
    ],
    "S07": [
      49000,
      6191.247165532879
    ],
    "S08": [
      57000,
      3933.378684807259
    ],
    "S09": [
      62000,
      5462.970521541948
    ],
    "S10": [
      69000,
      3933.4013605442237
    ],
    "S11": [
      74000,
      4165.147392290251
    ],
    "S12": [
      80000,
      5439.795918367352
    ],
    "S13": [
      87000,
      5009.319727891153
    ],
    "S14": [
      94000,
      7326.848072562356
    ],
    "S15": [
      103000,
      4535.941043083895
    ],
    "T00-TRANSLATE": [
      109000,
      5045.804988662127
    ],
    "T01": [
      116000,
      4767.7097505668935
    ],
    "T02": [
      122000,
      3979.750566893429
    ],
    "T03": [
      127000,
      4489.614512471661
    ],
    "T04": [
      133000,
      4281.020408163272
    ],
    "T05": [
      139000,
      4281.043083900215
    ]
  }
}