{
  "src": [
    "pl_040.mp3"
  ],
  "sprite": {
    "N40": [
      0,
      2955.079365079365
    ],
    "S00-TITLE": [
      4000,
      2309.523809523809
    ],
    "S01": [
      8000,
      4584.3310657596385
    ],
    "S02": [
      14000,
      4020.7482993197273
    ],
    "S03": [
      20000,
      4143.718820861679
    ],
    "S04": [
      26000,
      4522.857142857141
    ],
    "S05": [
      32000,
      5662.358276643992
    ],
    "S06": [
      39000,
      2627.165532879822
    ],
    "S07": [
      43000,
      3764.580498866216
    ],
    "S08": [
      48000,
      4830.272108843537
    ],
    "S09": [
      54000,
      5311.882086167799
    ],
    "S10": [
      61000,
      3385.442176870754
    ],
    "T00-TRANSLATE": [
      66000,
      4727.800453514732
    ],
    "T01": [
      72000,
      2965.306122448979
    ],
    "T02": [
      76000,
      3139.501133786851
    ],
    "T03": [
      81000,
      3508.4126984126983
    ],
    "T04": [
      86000,
      3221.496598639462
    ],
    "T05": [
      91000,
      3221.496598639462
    ]
  }
}