{
  "src": [
    "pl_093.mp3"
  ],
  "sprite": {
    "N93": [
      0,
      3708.684807256236
    ],
    "S00-TITLE": [
      5000,
      2655.9410430839002
    ],
    "S01": [
      9000,
      3873.8095238095234
    ],
    "S02": [
      14000,
      4699.501133786846
    ],
    "S03": [
      20000,
      3749.977324263039
    ],
    "S04": [
      25000,
      5623.786848072562
    ],
    "S05": [
      32000,
      3729.3197278911593
    ],
    "S06": [
      37000,
      4513.696145124719
    ],
    "S07": [
      43000,
      4348.571428571432
    ],
    "S08": [
      49000,
      3811.8820861677987
    ],
    "S09": [
      54000,
      4864.625850340133
    ],
    "S10": [
      60000,
      3997.664399092969
    ],
    "S11": [
      65000,
      4121.519274376411
    ],
    "S12": [
      71000,
      3543.537414965982
    ],
    "S13": [
      76000,
      4472.426303854874
    ],
    "S14": [
      82000,
      4162.789115646263
    ],
    "T00-TRANSLATE": [
      88000,
      4513.696145124712
    ],
    "T01": [
      94000,
      4307.301587301595
    ],
    "T02": [
      100000,
      5298.095238095243
    ],
    "T03": [
      107000,
      4513.7188208616835
    ],
    "T04": [
      113000,
      5132.970521541949
    ],
    "T05": [
      120000,
      4513.7188208616835
    ]
  }
}