{
  "src": [
    "pl_019.mp3"
  ],
  "sprite": {
    "N19": [
      0,
      2960.6349206349205
    ],
    "S00-TITLE": [
      4000,
      2515.4875283446713
    ],
    "S01": [
      8000,
      2793.6961451247166
    ],
    "S02": [
      12000,
      4323.900226757371
    ],
    "S03": [
      18000,
      2598.956916099773
    ],
    "S04": [
      22000,
      4935.963718820862
    ],
    "S05": [
      28000,
      3962.199546485259
    ],
    "S06": [
      33000,
      3517.074829931971
    ],
    "S07": [
      38000,
      3781.360544217691
    ],
    "S08": [
      43000,
      3224.9433106575934
    ],
    "S09": [
      48000,
      2529.387755102043
    ],
    "S10": [
      52000,
      3892.6530612244933
    ],
    "T00-TRANSLATE": [
      57000,
      4643.854875283445
    ],
    "T01": [
      63000,
      3795.2834467120197
    ],
    "T02": [
      68000,
      3837.029478458049
    ],
    "T03": [
      73000,
      2974.5351473922883
    ],
    "T04": [
      77000,
      3350.1360544217678
    ],
    "T05": [
      82000,
      2891.088435374144
    ]
  }
}