{
  "src": [
    "pl_064.mp3"
  ],
  "sprite": {
    "N64": [
      0,
      3436.5079365079364
    ],
    "S00-TITLE": [
      5000,
      2479.1383219954646
    ],
    "S01": [
      9000,
      3040.5215419501133
    ],
    "S02": [
      14000,
      3797.7097505668953
    ],
    "S03": [
      19000,
      4646.303854875285
    ],
    "S04": [
      25000,
      3210.2267573696145
    ],
    "S05": [
      30000,
      2818.571428571431
    ],
    "S06": [
      34000,
      5569.319727891156
    ],
    "S07": [
      41000,
      2466.099773242632
    ],
    "S08": [
      45000,
      5429.614512471659
    ],
    "S09": [
      52000,
      4933.5147392290255
    ],
    "S10": [
      58000,
      8010.634920634913
    ],
    "S11": [
      68000,
      3549.6598639455783
    ],
    "S12": [
      73000,
      4894.353741496601
    ],
    "T00-TRANSLATE": [
      79000,
      4646.303854875285
    ],
    "T01": [
      85000,
      4493.968253968248
    ],
    "T02": [
      91000,
      4254.6485260770905
    ],
    "T03": [
      97000,
      3980.4761904761963
    ],
    "T04": [
      102000,
      3732.4489795918366
    ],
    "T05": [
      107000,
      5064.058956916099
    ]
  }
}