{
  "src": [
    "pl_075.mp3"
  ],
  "sprite": {
    "N75": [
      0,
      3622.8571428571427
    ],
    "S00-TITLE": [
      5000,
      2665.487528344672
    ],
    "S01": [
      9000,
      3851.768707482993
    ],
    "S02": [
      14000,
      4205.600907029478
    ],
    "S03": [
      20000,
      4642.65306122449
    ],
    "S04": [
      26000,
      3747.7097505668944
    ],
    "S05": [
      31000,
      3935.0340136054456
    ],
    "S06": [
      36000,
      4996.46258503401
    ],
    "S07": [
      42000,
      3497.98185941043
    ],
    "S08": [
      47000,
      4101.541950113379
    ],
    "S09": [
      53000,
      5079.206349206352
    ],
    "S10": [
      60000,
      3810.158730158733
    ],
    "S11": [
      65000,
      4413.718820861675
    ],
    "S12": [
      71000,
      5287.845804988663
    ],
    "S13": [
      78000,
      5870.068027210891
    ],
    "T00-TRANSLATE": [
      85000,
      4496.96145124716
    ],
    "T01": [
      91000,
      4663.4693877551
    ],
    "T02": [
      97000,
      4767.528344671206
    ],
    "T03": [
      103000,
      4663.4467120181425
    ],
    "T04": [
      109000,
      4746.712018140584
    ],
    "T05": [
      115000,
      4580.226757369615
    ]
  }
}