{
  "src": [
    "pl_061.mp3"
  ],
  "sprite": {
    "N61": [
      0,
      3550.7482993197277
    ],
    "S00-TITLE": [
      5000,
      3042.6077097505663
    ],
    "S01": [
      10000,
      4512.607709750567
    ],
    "S02": [
      16000,
      3804.8299319727903
    ],
    "S03": [
      21000,
      3804.8299319727903
    ],
    "S04": [
      26000,
      3314.8299319727885
    ],
    "S05": [
      31000,
      3078.8888888888905
    ],
    "S06": [
      36000,
      4675.9410430839025
    ],
    "S07": [
      42000,
      5337.414965986398
    ],
    "S08": [
      49000,
      2988.16326530612
    ],
    "S09": [
      53000,
      5365.578231292517
    ],
    "S10": [
      60000,
      3133.333333333333
    ],
    "S11": [
      65000,
      3786.6666666666615
    ],
    "S12": [
      70000,
      5365.578231292517
    ],
    "T00-TRANSLATE": [
      77000,
      4712.244897959181
    ],
    "T01": [
      83000,
      4349.274376417227
    ],
    "T02": [
      89000,
      5111.496598639462
    ],
    "T03": [
      96000,
      4421.859410430841
    ],
    "T04": [
      102000,
      5347.43764172336
    ],
    "T05": [
      109000,
      4440.0226757369555
    ]
  }
}