{
  "src": [
    "pl_078.mp3"
  ],
  "sprite": {
    "N78": [
      0,
      3546.485260770975
    ],
    "S00-TITLE": [
      5000,
      2600.2721088435374
    ],
    "S01": [
      9000,
      6545.283446712018
    ],
    "S02": [
      17000,
      4338.662131519275
    ],
    "S03": [
      23000,
      3216.394557823129
    ],
    "S04": [
      28000,
      6127.188208616779
    ],
    "S05": [
      36000,
      3788.526077097508
    ],
    "S06": [
      41000,
      5004.920634920637
    ],
    "S07": [
      48000,
      6215.192743764171
    ],
    "S08": [
      56000,
      6259.206349206352
    ],
    "S09": [
      64000,
      5731.088435374148
    ],
    "S10": [
      71000,
      3568.480725623587
    ],
    "S11": [
      76000,
      4866.780045351476
    ],
    "S12": [
      82000,
      4426.666666666662
    ],
    "S13": [
      88000,
      5482.925170068029
    ],
    "T00-TRANSLATE": [
      95000,
      4844.784580498867
    ],
    "T01": [
      101000,
      3722.5170068027182
    ],
    "T02": [
      106000,
      5218.866213151927
    ],
    "T03": [
      113000,
      3480.4535147392244
    ],
    "T04": [
      118000,
      4470.680272108837
    ],
    "T05": [
      124000,
      4360.65759637188
    ]
  }
}