{
  "src": [
    "pl_053.mp3"
  ],
  "sprite": {
    "N53": [
      0,
      3334.2176870748303
    ],
    "S00-TITLE": [
      5000,
      2459.160997732426
    ],
    "S01": [
      9000,
      3250.068027210885
    ],
    "S02": [
      14000,
      5324.69387755102
    ],
    "S03": [
      21000,
      4074.6258503401373
    ],
    "S04": [
      27000,
      3081.8140589569152
    ],
    "S05": [
      32000,
      3418.3446712018153
    ],
    "S06": [
      37000,
      4074.6258503401336
    ],
    "S07": [
      43000,
      4932.83446712018
    ],
    "S08": [
      49000,
      4141.950113378683
    ],
    "S09": [
      55000,
      3334.217687074833
    ],
    "S10": [
      60000,
      4798.208616780044
    ],
    "S11": [
      66000,
      5509.818594104303
    ],
    "T00-TRANSLATE": [
      73000,
      4478.503401360541
    ],
    "T01": [
      79000,
      4057.8004535147443
    ],
    "T02": [
      85000,
      4343.877551020412
    ],
    "T03": [
      91000,
      4394.353741496601
    ],
    "T04": [
      97000,
      3956.825396825394
    ],
    "T05": [
      102000,
      3721.2471655328727
    ]
  }
}