{
  "src": [
    "pl_098.mp3"
  ],
  "sprite": {
    "N98": [
      0,
      3624.965986394558
    ],
    "S00-TITLEV": [
      5000,
      3303.74149659864
    ],
    "S01": [
      10000,
      3452.018140589569
    ],
    "S02": [
      15000,
      3872.063492063493
    ],
    "S03": [
      20000,
      4440.362811791381
    ],
    "S04": [
      26000,
      3872.040816326532
    ],
    "S05": [
      31000,
      5478.140589569165
    ],
    "S06": [
      38000,
      3896.7573696145123
    ],
    "S07": [
      43000,
      5151.111111111113
    ],
    "S08": [
      50000,
      3995.6009070294767
    ],
    "S09": [
      55000,
      5002.857142857145
    ],
    "S10": [
      62000,
      3056.666666666672
    ],
    "S11": [
      67000,
      5941.768707482993
    ],
    "S12": [
      74000,
      5107.505668934237
    ],
    "S13": [
      81000,
      5670.000000000002
    ],
    "S14": [
      88000,
      3847.346938775516
    ],
    "S15": [
      93000,
      5379.2970521542
    ],
    "S16": [
      100000,
      3427.301587301585
    ]
  }
}