{
  "src": [
    "pl_070.mp3"
  ],
  "sprite": {
    "N70": [
      0,
      3101.9954648526077
    ],
    "S00-TITLE": [
      5000,
      3101.972789115646
    ],
    "S01": [
      10000,
      5546.825396825398
    ],
    "S02": [
      17000,
      4397.709750566893
    ],
    "S03": [
      23000,
      4821.7687074829955
    ],
    "S04": [
      29000,
      3549.6145124716563
    ],
    "S05": [
      34000,
      3667.392290249431
    ],
    "S06": [
      39000,
      4067.8911564625864
    ],
    "S07": [
      45000,
      4279.909297052157
    ],
    "S08": [
      51000,
      3069.455782312929
    ],
    "S09": [
      56000,
      5304.557823129251
    ],
    "S10": [
      63000,
      4115.011337868481
    ],
    "S11": [
      69000,
      3879.410430839002
    ],
    "S12": [
      74000,
      5452.5850340136085
    ],
    "S13": [
      81000,
      4633.310657596368
    ],
    "S14": [
      87000,
      5004.965986394553
    ],
    "S15": [
      94000,
      4562.630385487523
    ],
    "S16": [
      100000,
      4633.287981859411
    ]
  }
}