{
  "src": [
    "pl_065.mp3"
  ],
  "sprite": {
    "N65": [
      0,
      3463.7188208616776
    ],
    "S00-TITLE": [
      5000,
      3070.9750566893417
    ],
    "S01": [
      10000,
      3949.977324263038
    ],
    "S02": [
      15000,
      3388.888888888889
    ],
    "S03": [
      20000,
      3575.91836734694
    ],
    "S04": [
      25000,
      5427.437641723354
    ],
    "S05": [
      32000,
      2809.1383219954623
    ],
    "S06": [
      36000,
      3837.7551020408164
    ],
    "S07": [
      41000,
      5974.7619047619055
    ],
    "S08": [
      48000,
      3295.3968253968283
    ],
    "S09": [
      53000,
      4885.079365079363
    ],
    "S10": [
      59000,
      4567.142857142855
    ],
    "S11": [
      65000,
      5333.922902494336
    ],
    "S12": [
      72000,
      5133.151927437638
    ],
    "T00-TRANSLATE": [
      79000,
      4529.750566893426
    ],
    "T01": [
      85000,
      3800.3628117913877
    ],
    "T02": [
      90000,
      4567.142857142855
    ],
    "T03": [
      96000,
      3706.8480725623517
    ],
    "T04": [
      101000,
      4529.727891156469
    ],
    "T05": [
      107000,
      4155.691609977324
    ]
  }
}