{
  "src": [
    "pl_037.mp3"
  ],
  "sprite": {
    "N37": [
      0,
      3291.746031746032
    ],
    "S00-TITLE": [
      5000,
      2193.2426303854877
    ],
    "S01": [
      9000,
      4816.8934240362805
    ],
    "S02": [
      15000,
      3451.723356009069
    ],
    "S03": [
      20000,
      3003.7868480725615
    ],
    "S04": [
      25000,
      5243.492063492063
    ],
    "S05": [
      32000,
      5255.419501133787
    ],
    "S06": [
      39000,
      4656.893424036283
    ],
    "S07": [
      45000,
      4283.628117913835
    ],
    "S08": [
      51000,
      4283.628117913835
    ],
    "S09": [
      57000,
      3633.038548752836
    ],
    "S10": [
      62000,
      4955.532879818591
    ],
    "T00-TRANSLATE": [
      68000,
      4774.2176870748235
    ],
    "T01": [
      74000,
      3707.7097505668917
    ],
    "T02": [
      79000,
      3377.0748299319707
    ],
    "T03": [
      84000,
      3099.795918367349
    ],
    "T04": [
      89000,
      3793.015873015875
    ],
    "T05": [
      94000,
      3355.7369614512427
    ]
  }
}