{
  "src": [
    "pl_066.mp3"
  ],
  "sprite": {
    "N66": [
      0,
      3551.065759637188
    ],
    "S00-TITLE": [
      5000,
      3200.5668934240352
    ],
    "S01": [
      10000,
      4771.315192743764
    ],
    "S02": [
      16000,
      2889.024943310659
    ],
    "S03": [
      20000,
      3122.675736961451
    ],
    "S04": [
      25000,
      4810.272108843538
    ],
    "S05": [
      31000,
      2746.2131519274353
    ],
    "S06": [
      35000,
      5225.691609977325
    ],
    "S07": [
      42000,
      6426.258503401357
    ],
    "S08": [
      50000,
      3265.4648526077067
    ],
    "S09": [
      55000,
      3018.8208616780016
    ],
    "S10": [
      60000,
      4057.3696145124673
    ],
    "S11": [
      66000,
      5316.553287981861
    ],
    "S12": [
      73000,
      3200.566893424039
    ],
    "S13": [
      78000,
      2551.49659863946
    ],
    "S14": [
      82000,
      3940.521541950119
    ],
    "T00-TRANSLATE": [
      87000,
      4394.875283446709
    ],
    "T01": [
      93000,
      4226.122448979595
    ],
    "T02": [
      99000,
      4278.049886621318
    ],
    "T03": [
      105000,
      3473.1746031745984
    ],
    "T04": [
      110000,
      4252.086167800457
    ],
    "T05": [
      116000,
      3810.7029478458117
    ]
  }
}