{
  "src": [
    "pl_026.mp3"
  ],
  "sprite": {
    "N26": [
      0,
      3236.780045351474
    ],
    "S00-TITLE": [
      5000,
      2213.333333333333
    ],
    "S01": [
      9000,
      3221.269841269841
    ],
    "S02": [
      14000,
      4291.24716553288
    ],
    "S03": [
      20000,
      4058.639455782313
    ],
    "S04": [
      26000,
      3469.3877551020405
    ],
    "S05": [
      31000,
      5031.814058956918
    ],
    "S06": [
      38000,
      5621.06575963719
    ],
    "S07": [
      45000,
      4120.6802721088425
    ],
    "S08": [
      51000,
      4291.24716553288
    ],
    "S09": [
      57000,
      3159.2517006802723
    ],
    "S10": [
      62000,
      5020.068027210883
    ],
    "T00-TRANSLATE": [
      69000,
      4663.424036281185
    ],
    "T01": [
      75000,
      3531.4058956916056
    ],
    "T02": [
      80000,
      3298.82086167801
    ],
    "T03": [
      85000,
      3329.8412698412676
    ],
    "T04": [
      90000,
      4229.229024943308
    ],
    "T05": [
      96000,
      3500.3854875283478
    ]
  }
}