{
  "src": [
    "pl_059.mp3"
  ],
  "sprite": {
    "N59": [
      0,
      3737.8684807256236
    ],
    "S00-TITLE": [
      5000,
      2926.099773242631
    ],
    "S01": [
      9000,
      5390.952380952381
    ],
    "S02": [
      16000,
      4930.92970521542
    ],
    "S03": [
      22000,
      3130.8616780045354
    ],
    "S04": [
      27000,
      4284.739229024943
    ],
    "S05": [
      33000,
      4792.471655328796
    ],
    "S06": [
      39000,
      3992.4263038548775
    ],
    "S07": [
      44000,
      7723.424036281181
    ],
    "S08": [
      53000,
      6892.607709750564
    ],
    "S09": [
      61000,
      7261.859410430844
    ],
    "S10": [
      70000,
      5430.997732426305
    ],
    "S11": [
      77000,
      8246.507936507938
    ],
    "S12": [
      87000,
      4469.365079365076
    ],
    "T00-TRANSLATE": [
      93000,
      4961.7006802721025
    ],
    "T01": [
      99000,
      5254.013605442182
    ],
    "T02": [
      106000,
      3392.380952380947
    ],
    "T03": [
      111000,
      3700.1133786848045
    ],
    "T04": [
      116000,
      4977.097505668937
    ],
    "T05": [
      122000,
      4146.281179138327
    ]
  }
}