{
  "src": [
    "pl_018.mp3"
  ],
  "sprite": {
    "N18": [
      0,
      3067.052154195011
    ],
    "S00-TITLE": [
      5000,
      3067.074829931972
    ],
    "S01": [
      10000,
      4033.401360544218
    ],
    "S02": [
      16000,
      3928.9342403628107
    ],
    "S03": [
      21000,
      3680.8163265306107
    ],
    "S04": [
      26000,
      2697.9138321995465
    ],
    "S05": [
      30000,
      3537.1655328798183
    ],
    "S06": [
      35000,
      4516.575963718822
    ],
    "S07": [
      41000,
      2831.995464852611
    ],
    "S08": [
      45000,
      2414.1269841269873
    ],
    "S09": [
      49000,
      3210.702947845803
    ],
    "T00-TRANSLATE": [
      54000,
      4777.755102040814
    ],
    "T01": [
      60000,
      2936.462585034015
    ],
    "T02": [
      64000,
      3275.986394557819
    ],
    "T03": [
      69000,
      3262.9478458049875
    ],
    "T04": [
      74000,
      3994.2403628117945
    ],
    "T05": [
      79000,
      3067.052154195011
    ]
  }
}