{
  "src": [
    "pl_004.mp3"
  ],
  "sprite": {
    "N4": [
      0,
      2946.394557823129
    ],
    "S00-TITLE": [
      4000,
      2212.562358276644
    ],
    "S01": [
      8000,
      2542.2675736961455
    ],
    "S02": [
      12000,
      3244.195011337869
    ],
    "S03": [
      17000,
      3065.2380952380936
    ],
    "S04": [
      22000,
      2837.7097505668944
    ],
    "S05": [
      26000,
      2446.55328798186
    ],
    "S06": [
      30000,
      2797.5056689342423
    ],
    "S07": [
      34000,
      3658.979591836733
    ],
    "T00-TRANSLATE": [
      39000,
      5179.818594104305
    ],
    "T01": [
      46000,
      2616.712018140589
    ],
    "T02": [
      50000,
      2871.950113378688
    ],
    "T03": [
      54000,
      3233.5600907029516
    ],
    "T04": [
      59000,
      2659.2517006802723
    ],
    "T05": [
      63000,
      2744.353741496596
    ]
  }
}