{
  "src": [
    "pl_077.mp3"
  ],
  "sprite": {
    "N77": [
      0,
      3982.607709750567
    ],
    "S00-TITLE": [
      5000,
      3131.4058956916106
    ],
    "S01": [
      10000,
      4384.557823129253
    ],
    "S02": [
      16000,
      3084.1496598639465
    ],
    "S03": [
      21000,
      6579.954648526076
    ],
    "S04": [
      29000,
      6674.535147392291
    ],
    "S05": [
      37000,
      4337.256235827666
    ],
    "S06": [
      43000,
      3320.5668934240366
    ],
    "S07": [
      48000,
      5799.705215419501
    ],
    "S08": [
      55000,
      3888.027210884353
    ],
    "S09": [
      60000,
      4479.138321995464
    ],
    "S10": [
      66000,
      5188.4353741496625
    ],
    "S11": [
      73000,
      4691.904761904766
    ],
    "S12": [
      79000,
      3438.798185941039
    ],
    "S13": [
      84000,
      5563.242630385488
    ],
    "S14": [
      91000,
      3817.09750566894
    ],
    "S15": [
      96000,
      5022.925170068021
    ]
  }
}