{
  "src": [
    "pl_046.mp3"
  ],
  "sprite": {
    "N46": [
      0,
      3754.8979591836737
    ],
    "S00-TITLE": [
      5000,
      2488.4580498866208
    ],
    "S01": [
      9000,
      3646.8027210884343
    ],
    "S02": [
      14000,
      3600.453514739229
    ],
    "S03": [
      19000,
      4836.0090702947855
    ],
    "S04": [
      25000,
      4094.671201814059
    ],
    "S05": [
      31000,
      4280.000000000001
    ],
    "S06": [
      37000,
      3291.541950113377
    ],
    "S07": [
      42000,
      3198.888888888888
    ],
    "S08": [
      47000,
      3955.6916099773216
    ],
    "S09": [
      52000,
      4280.000000000001
    ],
    "S10": [
      58000,
      4882.335600907027
    ],
    "T00-TRANSLATE": [
      64000,
      4666.122448979593
    ],
    "T01": [
      70000,
      4156.439909297049
    ],
    "T02": [
      76000,
      4202.789115646255
    ],
    "T03": [
      82000,
      3585.0113378684796
    ],
    "T04": [
      87000,
      3337.913832199547
    ],
    "T05": [
      92000,
      3893.900226757367
    ]
  }
}