{
  "src": [
    "pl_074.mp3"
  ],
  "sprite": {
    "N74": [
      0,
      3707.02947845805
    ],
    "S00-TITLE": [
      5000,
      2809.2517006802727
    ],
    "S01": [
      9000,
      5352.925170068026
    ],
    "S02": [
      16000,
      4829.251700680274
    ],
    "S03": [
      22000,
      3669.6145124716536
    ],
    "S04": [
      27000,
      4754.444444444445
    ],
    "S05": [
      33000,
      5053.696145124718
    ],
    "S06": [
      40000,
      4226.848072562362
    ],
    "S07": [
      46000,
      5171.564625850337
    ],
    "S08": [
      53000,
      5450.702947845805
    ],
    "S09": [
      60000,
      5466.009070294788
    ],
    "S10": [
      67000,
      5766.598639455779
    ],
    "S11": [
      74000,
      5680.702947845802
    ],
    "S12": [
      81000,
      4441.541950113376
    ],
    "S13": [
      87000,
      4183.900226757373
    ],
    "T00-TRANSLATE": [
      93000,
      5021.269841269842
    ],
    "T01": [
      100000,
      4935.374149659864
    ],
    "T02": [
      106000,
      4183.900226757373
    ],
    "T03": [
      112000,
      4828.027210884357
    ],
    "T04": [
      118000,
      3818.8888888888923
    ],
    "T05": [
      123000,
      4420.090702947846
    ]
  }
}