{
  "src": [
    "pl_041.mp3"
  ],
  "sprite": {
    "N41": [
      0,
      3550.1360544217687
    ],
    "S00-TITLE": [
      5000,
      2317.755102040817
    ],
    "S01": [
      9000,
      4333.333333333332
    ],
    "S02": [
      15000,
      4655.827664399091
    ],
    "S03": [
      21000,
      4494.580498866213
    ],
    "S04": [
      27000,
      3388.888888888889
    ],
    "S05": [
      32000,
      3354.331065759638
    ],
    "S06": [
      37000,
      6770.340136054422
    ],
    "S07": [
      45000,
      6493.900226757369
    ],
    "S08": [
      53000,
      3596.2131519274367
    ],
    "S09": [
      58000,
      4195.124716553288
    ],
    "S10": [
      64000,
      5012.8798185941005
    ],
    "T00-TRANSLATE": [
      71000,
      4701.904761904757
    ],
    "T01": [
      77000,
      3665.3287981859394
    ],
    "T02": [
      82000,
      3147.006802721094
    ],
    "T03": [
      87000,
      3239.1609977324265
    ],
    "T04": [
      92000,
      4413.96825396825
    ],
    "T05": [
      98000,
      3285.2380952381
    ]
  }
}