{
  "src": [
    "pl_030.mp3"
  ],
  "sprite": {
    "N30": [
      0,
      3031.2244897959185
    ],
    "S00-TITLE": [
      5000,
      3081.26984126984
    ],
    "S01": [
      10000,
      3371.496598639457
    ],
    "S02": [
      15000,
      2791.0204081632664
    ],
    "S03": [
      19000,
      3341.4512471655335
    ],
    "S04": [
      24000,
      5212.947845804991
    ],
    "S05": [
      31000,
      4866.689342403632
    ],
    "S06": [
      37000,
      2277.278911564629
    ],
    "S07": [
      41000,
      4812.6303854875305
    ],
    "S08": [
      47000,
      2821.0430839002283
    ],
    "S09": [
      51000,
      3771.7913832199556
    ],
    "S10": [
      56000,
      3041.24716553288
    ],
    "S11": [
      61000,
      3871.8820861678014
    ],
    "T00-TRANSLATE": [
      66000,
      4502.380952380946
    ],
    "T01": [
      72000,
      3881.9047619047637
    ],
    "T02": [
      77000,
      3101.26984126984
    ],
    "T03": [
      82000,
      3481.5646258503393
    ],
    "T04": [
      87000,
      3491.5873015873017
    ],
    "T05": [
      92000,
      3121.2925170068074
    ]
  }
}