{
  "src": [
    "pl_031.mp3"
  ],
  "sprite": {
    "N31": [
      0,
      3314.6031746031745
    ],
    "S00-TITLE": [
      5000,
      2460.680272108844
    ],
    "S01": [
      9000,
      3089.251700680272
    ],
    "S02": [
      14000,
      4417.619047619049
    ],
    "S03": [
      20000,
      2270.9070294784583
    ],
    "S04": [
      24000,
      3053.696145124718
    ],
    "S05": [
      29000,
      4334.580498866217
    ],
    "S06": [
      35000,
      3302.7664399092982
    ],
    "S07": [
      40000,
      3516.2358276644027
    ],
    "S08": [
      45000,
      5129.229024943314
    ],
    "S09": [
      52000,
      4144.807256235829
    ],
    "S10": [
      58000,
      3907.6190476190504
    ],
    "S11": [
      63000,
      5176.666666666662
    ],
    "S12": [
      70000,
      3611.133786848072
    ],
    "S13": [
      75000,
      3350.1814058956966
    ],
    "T00-TRANSLATE": [
      80000,
      4310.861678004529
    ],
    "T01": [
      86000,
      3599.25170068027
    ],
    "T02": [
      91000,
      4287.1655328798115
    ],
    "T03": [
      97000,
      3587.39229024944
    ],
    "T04": [
      102000,
      3907.6190476190504
    ],
    "T05": [
      107000,
      3599.25170068027
    ]
  }
}