{
  "src": [
    "pl_082.mp3"
  ],
  "sprite": {
    "N82": [
      0,
      3444.3083900226757
    ],
    "S00-TITLE": [
      5000,
      2867.437641723356
    ],
    "S01": [
      9000,
      3572.4943310657586
    ],
    "S02": [
      14000,
      5465.510204081632
    ],
    "S03": [
      21000,
      3686.462585034015
    ],
    "S04": [
      26000,
      5260.430839002268
    ],
    "S05": [
      33000,
      5260.430839002268
    ],
    "S06": [
      40000,
      6405.623582766438
    ],
    "S07": [
      48000,
      5337.301587301588
    ],
    "S08": [
      55000,
      5345.895691609975
    ],
    "S09": [
      62000,
      5123.673469387753
    ],
    "S10": [
      69000,
      3572.517006802727
    ],
    "S11": [
      74000,
      3487.0521541950125
    ],
    "S12": [
      79000,
      5080.929705215425
    ],
    "T00-TRANSLATE": [
      86000,
      4939.931972789111
    ],
    "T01": [
      92000,
      5281.791383219954
    ],
    "T02": [
      99000,
      4747.641723356011
    ],
    "T03": [
      105000,
      4021.201814058955
    ],
    "T04": [
      111000,
      4747.641723356011
    ],
    "T05": [
      117000,
      3914.376417233555
    ]
  }
}