{
  "src": [
    "pl_076.mp3"
  ],
  "sprite": {
    "N76": [
      0,
      3771.859410430839
    ],
    "S00-TITLE": [
      5000,
      2737.142857142857
    ],
    "S01": [
      9000,
      5521.22448979592
    ],
    "S02": [
      16000,
      4469.160997732427
    ],
    "S03": [
      22000,
      5256.439909297051
    ],
    "S04": [
      29000,
      5116.326530612241
    ],
    "S05": [
      36000,
      3659.387755102038
    ],
    "S06": [
      41000,
      7140.7482993197245
    ],
    "S07": [
      50000,
      6286.009070294782
    ],
    "S08": [
      58000,
      5031.496598639457
    ],
    "S09": [
      65000,
      5566.213151927443
    ],
    "S10": [
      72000,
      4199.229024943307
    ],
    "S11": [
      78000,
      5723.673469387762
    ],
    "S12": [
      85000,
      5183.809523809529
    ],
    "T00-TRANSLATE": [
      92000,
      4829.047619047614
    ],
    "T01": [
      98000,
      4266.734693877553
    ],
    "T02": [
      104000,
      3861.8140589569093
    ],
    "T03": [
      109000,
      5476.235827664396
    ],
    "T04": [
      116000,
      4019.297052154201
    ],
    "T05": [
      122000,
      4514.149659863946
    ]
  }
}