{
  "src": [
    "pl_022.mp3"
  ],
  "sprite": {
    "N22": [
      0,
      3239.546485260771
    ],
    "S00-TITLE": [
      5000,
      2719.183673469388
    ],
    "S01": [
      9000,
      3313.9002267573687
    ],
    "S02": [
      14000,
      3566.6439909297055
    ],
    "S03": [
      19000,
      2882.6984126984134
    ],
    "S04": [
      23000,
      3090.8843537414973
    ],
    "S05": [
      28000,
      4414.104308390023
    ],
    "S06": [
      34000,
      3239.5464852607747
    ],
    "S07": [
      39000,
      2659.7052154195
    ],
    "S08": [
      43000,
      3046.2811791383187
    ],
    "S09": [
      48000,
      2793.4920634920672
    ],
    "S10": [
      52000,
      4146.485260770973
    ],
    "S11": [
      58000,
      3105.7369614512495
    ],
    "S12": [
      63000,
      5083.174603174598
    ],
    "T00-TRANSLATE": [
      70000,
      4860.15873015873
    ],
    "T01": [
      76000,
      3417.9591836734744
    ],
    "T02": [
      81000,
      3626.1224489795864
    ],
    "T03": [
      86000,
      3551.7687074829923
    ],
    "T04": [
      91000,
      3536.9160997732365
    ],
    "T05": [
      96000,
      3819.4104308389997
    ]
  }
}