{
  "src": [
    "pl_099.mp3"
  ],
  "sprite": {
    "N99": [
      0,
      3376.938775510204
    ],
    "S00-TITLE": [
      5000,
      2901.1111111111118
    ],
    "S01": [
      9000,
      3324.0589569160993
    ],
    "S02": [
      14000,
      5412.494331065758
    ],
    "S03": [
      21000,
      3191.8820861678014
    ],
    "S04": [
      26000,
      3932.0861678004526
    ],
    "S05": [
      31000,
      4619.410430839004
    ],
    "S06": [
      37000,
      7318.117913832197
    ],
    "S07": [
      46000,
      6392.879818594103
    ],
    "S08": [
      54000,
      6313.56009070295
    ],
    "S09": [
      62000,
      4011.3832199546523
    ],
    "S10": [
      68000,
      6313.582766439908
    ],
    "S11": [
      76000,
      5335.4421768707425
    ],
    "S12": [
      83000,
      6207.823129251693
    ],
    "S13": [
      91000,
      5784.852607709752
    ],
    "S14": [
      98000,
      5253.877551020409
    ],
    "S15": [
      105000,
      5388.321995464849
    ],
    "S16": [
      112000,
      8560.612244897953
    ],
    "T00-TRANSLATE": [
      122000,
      4725.147392290253
    ],
    "T01": [
      128000,
      4513.673469387754
    ],
    "T02": [
      134000,
      4407.91383219954
    ],
    "T03": [
      140000,
      4407.91383219954
    ],
    "T04": [
      146000,
      4434.376417233551
    ],
    "T05": [
      152000,
      4804.4444444444425
    ]
  }
}