{
  "src": [
    "pl_036.mp3"
  ],
  "sprite": {
    "N36": [
      0,
      3419.7278911564626
    ],
    "S00-TITLE": [
      5000,
      2538.9342403628116
    ],
    "S01": [
      9000,
      4650.634920634921
    ],
    "S02": [
      15000,
      3769.818594104308
    ],
    "S03": [
      20000,
      4063.401360544219
    ],
    "S04": [
      26000,
      3137.4376417233557
    ],
    "S05": [
      31000,
      3182.5850340136058
    ],
    "S06": [
      36000,
      4277.981859410431
    ],
    "S07": [
      42000,
      5373.356009070292
    ],
    "S08": [
      49000,
      3159.9999999999964
    ],
    "S09": [
      54000,
      3160.022675736961
    ],
    "S10": [
      59000,
      4695.782312925168
    ],
    "S11": [
      65000,
      3532.6530612244937
    ],
    "S12": [
      70000,
      5076.621315192739
    ],
    "T00-TRANSLATE": [
      77000,
      4887.755102040814
    ],
    "T01": [
      83000,
      3668.16326530612
    ],
    "T02": [
      88000,
      3442.3129251700716
    ],
    "T03": [
      93000,
      3679.455782312928
    ],
    "T04": [
      98000,
      3216.462585034009
    ],
    "T05": [
      103000,
      3577.8458049886694
    ]
  }
}