{
  "src": [
    "pl_069.mp3"
  ],
  "sprite": {
    "N69": [
      0,
      3811.4285714285716
    ],
    "S00-TITLE": [
      5000,
      2549.387755102041
    ],
    "S01": [
      9000,
      4504.172335600906
    ],
    "S02": [
      15000,
      3886.8934240362805
    ],
    "S03": [
      20000,
      4463.015873015874
    ],
    "S04": [
      26000,
      3969.183673469388
    ],
    "S05": [
      31000,
      4524.739229024945
    ],
    "S06": [
      37000,
      3084.3990929705215
    ],
    "S07": [
      42000,
      6781.995464852606
    ],
    "S08": [
      50000,
      3701.700680272111
    ],
    "S09": [
      55000,
      5506.258503401362
    ],
    "S10": [
      62000,
      4113.219954648528
    ],
    "S11": [
      68000,
      5773.764172335604
    ],
    "S12": [
      75000,
      3537.074829931967
    ],
    "S13": [
      80000,
      4524.739229024945
    ],
    "T00-TRANSLATE": [
      86000,
      5286.099773242626
    ],
    "T01": [
      93000,
      5265.510204081636
    ],
    "T02": [
      100000,
      5142.040816326527
    ],
    "T03": [
      107000,
      4442.448979591831
    ],
    "T04": [
      113000,
      4504.172335600913
    ],
    "T05": [
      119000,
      4298.412698412704
    ]
  }
}