{
  "src": [
    "pl_068.mp3"
  ],
  "sprite": {
    "N68": [
      0,
      3238.843537414966
    ],
    "S00-TITLE": [
      5000,
      3009.5464852607706
    ],
    "S01": [
      10000,
      3429.9319727891166
    ],
    "S02": [
      15000,
      3009.5464852607706
    ],
    "S03": [
      20000,
      3697.4376417233543
    ],
    "S04": [
      25000,
      5452.199546485261
    ],
    "S05": [
      32000,
      3601.9047619047624
    ],
    "S06": [
      37000,
      6140.1133786848095
    ],
    "S07": [
      45000,
      4786.621315192747
    ],
    "S08": [
      51000,
      3620.9977324263036
    ],
    "S09": [
      56000,
      5910.816326530615
    ],
    "S10": [
      63000,
      3506.371882086171
    ],
    "S11": [
      68000,
      5245.215419501136
    ],
    "S12": [
      75000,
      3563.696145124723
    ],
    "S13": [
      80000,
      3831.201814058957
    ],
    "T00-TRANSLATE": [
      85000,
      4939.478458049891
    ],
    "T01": [
      91000,
      4366.235827664397
    ],
    "T02": [
      97000,
      4022.2902494331124
    ],
    "T03": [
      103000,
      4328.0045351473855
    ],
    "T04": [
      109000,
      4308.911564625845
    ],
    "T05": [
      115000,
      4729.297052154195
    ]
  }
}