{
  "src": [
    "pl_100.mp3"
  ],
  "sprite": {
    "N100": [
      0,
      3049.0022675736964
    ],
    "S00-TITLE": [
      5000,
      2816.6439909297055
    ],
    "S01": [
      9000,
      5311.360544217689
    ],
    "S02": [
      16000,
      4959.410430839
    ],
    "S03": [
      22000,
      5233.900226757371
    ],
    "S04": [
      29000,
      5698.616780045349
    ],
    "S05": [
      36000,
      6292.40362811791
    ],
    "S06": [
      44000,
      5259.727891156459
    ],
    "S07": [
      51000,
      6524.739229024945
    ],
    "S08": [
      59000,
      6524.739229024945
    ],
    "S09": [
      67000,
      6085.850340136048
    ],
    "S10": [
      75000,
      9028.934240362816
    ],
    "S11": [
      86000,
      8047.913832199541
    ],
    "T00-TRANSLATE": [
      96000,
      5217.596371882081
    ],
    "T01": [
      103000,
      5140.136054421774
    ],
    "T02": [
      110000,
      5646.984126984123
    ],
    "T03": [
      117000,
      5114.308390022671
    ],
    "T04": [
      124000,
      3952.562358276637
    ],
    "T05": [
      129000,
      4752.879818594096
    ]
  }
}