{
  "src": [
    "hd1_7.mp3"
  ],
  "sprite": {
    "10": [
      44000,
      1576.145124716554
    ],
    "11": [
      47000,
      823.9002267573667
    ],
    "12": [
      49000,
      2077.6417233560096
    ],
    "13": [
      53000,
      1504.5124716553319
    ],
    "14": [
      56000,
      2364.217687074827
    ],
    "15": [
      60000,
      4262.766439909299
    ],
    "16": [
      66000,
      4549.319727891159
    ],
    "17": [
      72000,
      5337.392290249426
    ],
    "18": [
      79000,
      2005.986394557823
    ],
    "19": [
      83000,
      2149.2743764172387
    ],
    "20": [
      87000,
      5050.816326530608
    ],
    "21": [
      94000,
      967.1882086167756
    ],
    "22": [
      96000,
      10101.63265306123
    ],
    "23": [
      108000,
      3617.9818594104345
    ],
    "24": [
      113000,
      1110.4761904761915
    ],
    "25": [
      116000,
      5050.816326530608
    ],
    "26": [
      123000,
      967.1882086167756
    ],
    "27": [
      125000,
      4835.895691609977
    ],
    "28": [
      131000,
      967.1882086167898
    ],
    "29": [
      133000,
      1182.1088435374065
    ],
    "30": [
      136000,
      8382.222222222224
    ],
    "31": [
      146000,
      5373.197278911562
    ],
    "32": [
      153000,
      1468.6848072562384
    ],
    "33": [
      156000,
      1038.8208616780048
    ],
    "34": [
      159000,
      4334.376417233557
    ],
    "35": [
      165000,
      967.1882086167898
    ],
    "36": [
      167000,
      6913.5374149659865
    ],
    "37": [
      175000,
      1970.181405895687
    ],
    "38": [
      178000,
      1253.74149659865
    ],
    "39": [
      181000,
      5194.104308390024
    ],
    "40": [
      188000,
      4728.435374149654
    ],
    "41": [
      194000,
      931.3605442176822
    ],
    "42": [
      196000,
      788.0725623582805
    ],
    "43": [
      198000,
      7343.378684807249
    ],
    "44": [
      207000,
      3403.0158730158746
    ],
    "45": [
      212000,
      7020.997732426309
    ],
    "46": [
      221000,
      9886.712018140599
    ],
    "47": [
      232000,
      2435.8503401360567
    ],
    "48": [
      236000,
      1002.9931972789257
    ],
    "49": [
      239000,
      2543.3106575963793
    ],
    "50": [
      243000,
      3259.7278911564727
    ],
    "51": [
      248000,
      3582.154195011327
    ],
    "52": [
      253000,
      895.5328798186031
    ],
    "53": [
      255000,
      1289.5691609977575
    ],
    "54": [
      258000,
      5874.7165532879535
    ],
    "55": [
      265000,
      2722.4263038548884
    ],
    "56": [
      269000,
      5910.544217687061
    ],
    "57": [
      276000,
      2973.1972789115844
    ],
    "58": [
      280000,
      4943.356009070271
    ],
    "59": [
      286000,
      2185.102040816332
    ],
    "60": [
      290000,
      6770.226757369642
    ],
    "61": [
      298000,
      4441.836734693879
    ],
    "62": [
      304000,
      1289.5691609977575
    ],
    "63": [
      307000,
      9528.503401360524
    ],
    "64": [
      318000,
      4119.478458049912
    ],
    "65": [
      324000,
      4943.356009070271
    ],
    "66": [
      330000,
      2400.0453514739206
    ],
    "67": [
      334000,
      2292.562358276655
    ],
    "68": [
      338000,
      10997.165532879819
    ],
    "69": [
      350000,
      5194.104308390024
    ],
    "70": [
      357000,
      4334.3990929705
    ],
    "71": [
      363000,
      15904.716553287983
    ],
    "72": [
      380000,
      3116.4852607709577
    ],
    "01": [
      0,
      6985.1927437641725
    ],
    "02": [
      8000,
      1074.6485260770983
    ],
    "03": [
      11000,
      1074.6485260770983
    ],
    "04": [
      14000,
      608.956916099773
    ],
    "05": [
      16000,
      6555.328798185939
    ],
    "06": [
      24000,
      2794.0816326530608
    ],
    "07": [
      28000,
      7056.825396825396
    ],
    "08": [
      37000,
      2865.714285714283
    ],
    "09": [
      41000,
      1468.6848072562384
    ]
  }
}