{
  "src": [
    "hd1_p2.mp3"
  ],
  "sprite": {
    "10": [
      20000,
      1141.7460317460311
    ],
    "11": [
      23000,
      742.131519274377
    ],
    "12": [
      25000,
      837.2789115646242
    ],
    "01": [
      0,
      685.0340136054422
    ],
    "02": [
      2000,
      932.426303854875
    ],
    "03": [
      4000,
      742.131519274376
    ],
    "04": [
      6000,
      1122.721088435374
    ],
    "05": [
      9000,
      685.034013605442
    ],
    "06": [
      11000,
      856.303854875284
    ],
    "07": [
      13000,
      723.106575963719
    ],
    "08": [
      15000,
      1027.5736961451257
    ],
    "09": [
      18000,
      742.131519274377
    ]
  }
}