{
  "src": [
    "hd1_p8.mp3"
  ],
  "sprite": {
    "10": [
      24000,
      1106.8934240362794
    ],
    "11": [
      27000,
      752.6757369614501
    ],
    "12": [
      29000,
      1062.6077097505658
    ],
    "13": [
      32000,
      841.2471655328773
    ],
    "14": [
      34000,
      1062.6077097505658
    ],
    "15": [
      37000,
      796.9614512471637
    ],
    "16": [
      39000,
      494.2403628117944
    ],
    "17": [
      41000,
      1106.1224489795904
    ],
    "18": [
      44000,
      1011.9954648526104
    ],
    "19": [
      47000,
      988.4580498866242
    ],
    "20": [
      49000,
      753.1065759637202
    ],
    "21": [
      51000,
      1270.8843537414937
    ],
    "22": [
      54000,
      847.2562358276648
    ],
    "23": [
      56000,
      682.5170068027192
    ],
    "24": [
      58000,
      847.2562358276648
    ],
    "25": [
      60000,
      682.5170068027192
    ],
    "26": [
      62000,
      1082.5850340136044
    ],
    "27": [
      65000,
      2000.4535147392346
    ],
    "28": [
      69000,
      1388.548752834467
    ],
    "29": [
      72000,
      964.920634920631
    ],
    "30": [
      74000,
      660.9297052154233
    ],
    "31": [
      76000,
      758.1179138321943
    ],
    "32": [
      78000,
      816.4399092970456
    ],
    "33": [
      80000,
      680.3628117913831
    ],
    "34": [
      82000,
      1302.403628117915
    ],
    "35": [
      85000,
      991.383219954642
    ],
    "36": [
      87000,
      1049.7052154195076
    ],
    "37": [
      90000,
      874.7619047619111
    ],
    "38": [
      92000,
      855.3061224489795
    ],
    "01": [
      0,
      1018.3219954648525
    ],
    "02": [
      3000,
      1018.3219954648521
    ],
    "03": [
      6000,
      1638.1859410430834
    ],
    "04": [
      9000,
      885.5102040816334
    ],
    "05": [
      11000,
      1018.3219954648521
    ],
    "06": [
      14000,
      1062.6077097505674
    ],
    "07": [
      17000,
      1195.442176870749
    ],
    "08": [
      20000,
      929.773242630386
    ],
    "09": [
      22000,
      974.0589569160995
    ]
  }
}