{
  "src": [
    "hd1_p7.mp3"
  ],
  "sprite": {
    "10": [
      21000,
      1500.045351473922
    ],
    "11": [
      24000,
      852.2902494331071
    ],
    "12": [
      26000,
      954.5804988662142
    ],
    "13": [
      28000,
      954.557823129253
    ],
    "14": [
      30000,
      920.4988662131512
    ],
    "15": [
      32000,
      750.0226757369646
    ],
    "16": [
      34000,
      1227.3015873015893
    ],
    "17": [
      37000,
      1534.126984126985
    ],
    "18": [
      40000,
      1022.7664399092973
    ],
    "19": [
      43000,
      920.4988662131512
    ],
    "20": [
      45000,
      784.1269841269849
    ],
    "21": [
      47000,
      852.3129251700681
    ],
    "22": [
      49000,
      852.2902494331036
    ],
    "23": [
      51000,
      1261.4058956916097
    ],
    "24": [
      54000,
      818.2086167800478
    ],
    "25": [
      56000,
      1022.7664399092973
    ],
    "26": [
      59000,
      818.2086167800478
    ],
    "27": [
      61000,
      750.0226757369646
    ],
    "28": [
      63000,
      920.4761904761938
    ],
    "01": [
      0,
      1159.1156462585036
    ],
    "02": [
      3000,
      818.2086167800451
    ],
    "03": [
      5000,
      954.5804988662132
    ],
    "04": [
      7000,
      852.2902494331071
    ],
    "05": [
      9000,
      852.3129251700681
    ],
    "06": [
      11000,
      750.022675736961
    ],
    "07": [
      13000,
      988.6621315192751
    ],
    "08": [
      15000,
      1534.149659863946
    ],
    "09": [
      18000,
      1159.1156462585027
    ]
  }
}