{
  "src": [
    "hd1_p4.mp3"
  ],
  "sprite": {
    "10": [
      27000,
      1065.9410430838996
    ],
    "11": [
      30000,
      877.8231292517021
    ],
    "12": [
      32000,
      971.8820861678025
    ],
    "13": [
      34000,
      940.5442176870764
    ],
    "14": [
      36000,
      689.705215419501
    ],
    "15": [
      38000,
      877.8231292517021
    ],
    "16": [
      40000,
      721.0884353741492
    ],
    "17": [
      42000,
      1065.9410430839032
    ],
    "18": [
      45000,
      877.8458049886594
    ],
    "19": [
      47000,
      877.8458049886594
    ],
    "20": [
      49000,
      1504.8526077097506
    ],
    "21": [
      52000,
      940.5442176870764
    ],
    "22": [
      54000,
      909.1836734693857
    ],
    "23": [
      56000,
      877.8458049886594
    ],
    "24": [
      58000,
      971.8820861678025
    ],
    "01": [
      0,
      4012.9478458049884
    ],
    "02": [
      6000,
      1065.9410430839005
    ],
    "03": [
      9000,
      940.5442176870746
    ],
    "04": [
      11000,
      1034.5804988662123
    ],
    "05": [
      14000,
      909.1836734693875
    ],
    "06": [
      16000,
      627.0294784580485
    ],
    "07": [
      18000,
      1661.6099773242645
    ],
    "08": [
      21000,
      2884.3083900226743
    ],
    "09": [
      25000,
      971.882086167799
    ]
  }
}