{
  "src": [
    "hd1_p3.mp3"
  ],
  "sprite": {
    "10": [
      19000,
      694.0589569160984
    ],
    "11": [
      21000,
      676.7120181405879
    ],
    "12": [
      23000,
      815.5328798185941
    ],
    "13": [
      25000,
      607.3242630385494
    ],
    "14": [
      27000,
      728.7755102040805
    ],
    "15": [
      29000,
      728.7755102040805
    ],
    "16": [
      31000,
      832.8798185941047
    ],
    "17": [
      33000,
      902.2902494331078
    ],
    "18": [
      35000,
      815.5328798185906
    ],
    "01": [
      0,
      867.5736961451247
    ],
    "02": [
      2000,
      989.0476190476192
    ],
    "03": [
      4000,
      902.2902494331069
    ],
    "04": [
      6000,
      572.6077097505673
    ],
    "05": [
      8000,
      971.7006802721091
    ],
    "06": [
      10000,
      832.8798185941047
    ],
    "07": [
      12000,
      1058.43537414966
    ],
    "08": [
      15000,
      624.6712018140599
    ],
    "09": [
      17000,
      815.5328798185941
    ]
  }
}