{
  "src": [
    "hd1_5.mp3"
  ],
  "sprite": {
    "10": [
      45000,
      1406.4172335600915
    ],
    "11": [
      48000,
      901.5419501133763
    ],
    "12": [
      50000,
      1478.5487528344702
    ],
    "13": [
      53000,
      12369.34240362811
    ],
    "14": [
      67000,
      1622.8117913832136
    ],
    "15": [
      70000,
      1226.0997732426233
    ],
    "16": [
      73000,
      1298.2312925170022
    ],
    "17": [
      76000,
      6383.015873015878
    ],
    "18": [
      84000,
      11756.281179138326
    ],
    "19": [
      97000,
      1009.7505668934303
    ],
    "20": [
      100000,
      1226.122448979595
    ],
    "21": [
      103000,
      973.6734693877622
    ],
    "22": [
      105000,
      901.5419501133835
    ],
    "23": [
      107000,
      5012.630385487526
    ],
    "24": [
      114000,
      793.3786848072515
    ],
    "25": [
      116000,
      1298.2539682539737
    ],
    "26": [
      119000,
      6779.705215419497
    ],
    "27": [
      127000,
      2632.5396825396865
    ],
    "28": [
      131000,
      7645.19274376417
    ],
    "29": [
      140000,
      6996.077097505662
    ],
    "30": [
      148000,
      1550.680272108849
    ],
    "31": [
      151000,
      1045.8049886621268
    ],
    "32": [
      154000,
      1153.990929705202
    ],
    "33": [
      157000,
      3101.3378684807267
    ],
    "34": [
      162000,
      3308.276643990922
    ],
    "35": [
      167000,
      1920.3174603174489
    ],
    "36": [
      170000,
      1825.2607709750635
    ],
    "37": [
      173000,
      1387.9591836734733
    ],
    "38": [
      176000,
      2566.757369614521
    ],
    "39": [
      180000,
      931.6553287981719
    ],
    "40": [
      182000,
      6084.195011337869
    ],
    "41": [
      190000,
      2338.6167800453563
    ],
    "42": [
      194000,
      874.6031746031804
    ],
    "43": [
      196000,
      5589.86394557823
    ],
    "44": [
      203000,
      5608.866213151941
    ],
    "45": [
      210000,
      4201.904761904757
    ],
    "46": [
      216000,
      13004.965986394553
    ],
    "47": [
      231000,
      1920.3174603174489
    ],
    "48": [
      234000,
      2034.3990929705171
    ],
    "49": [
      238000,
      1445.0113378684932
    ],
    "50": [
      241000,
      1273.877551020405
    ],
    "51": [
      244000,
      4201.904761904757
    ],
    "52": [
      250000,
      3327.3015873015765
    ],
    "53": [
      255000,
      3137.1655328798056
    ],
    "54": [
      260000,
      2357.6417233559823
    ],
    "55": [
      264000,
      1692.1768707483125
    ],
    "56": [
      267000,
      12016.281179138332
    ],
    "57": [
      281000,
      5437.755102040796
    ],
    "58": [
      288000,
      836.5759637188148
    ],
    "59": [
      290000,
      1711.1791383219952
    ],
    "60": [
      293000,
      3574.467120181396
    ],
    "61": [
      298000,
      3878.6848072562634
    ],
    "62": [
      303000,
      1045.7142857142685
    ],
    "63": [
      306000,
      2642.834467120167
    ],
    "64": [
      310000,
      4468.072562358258
    ],
    "65": [
      316000,
      3270.249433106585
    ],
    "66": [
      321000,
      1026.7120181405858
    ],
    "67": [
      324000,
      3175.192743764171
    ],
    "68": [
      329000,
      950.6575963718547
    ],
    "69": [
      331000,
      4144.852607709765
    ],
    "70": [
      337000,
      6882.743764172346
    ],
    "01": [
      0,
      5445.396825396825
    ],
    "02": [
      7000,
      3065.2834467120174
    ],
    "03": [
      12000,
      5950.272108843538
    ],
    "04": [
      19000,
      7681.247165532881
    ],
    "05": [
      28000,
      2596.485260770976
    ],
    "06": [
      32000,
      1190.0453514739197
    ],
    "07": [
      35000,
      2199.79591836735
    ],
    "08": [
      39000,
      1226.0997732426304
    ],
    "09": [
      42000,
      1153.9909297052163
    ]
  }
}