{
  "src": [
    "hd1_p11.mp3"
  ],
  "sprite": {
    "10": [
      23000,
      1229.3650793650813
    ],
    "11": [
      26000,
      983.492063492065
    ],
    "12": [
      28000,
      829.7959183673456
    ],
    "13": [
      30000,
      768.3446712018132
    ],
    "14": [
      32000,
      922.0181405895715
    ],
    "15": [
      34000,
      921.995464852607
    ],
    "16": [
      36000,
      1229.3650793650813
    ],
    "17": [
      39000,
      1075.6689342403618
    ],
    "18": [
      42000,
      1198.6167800453486
    ],
    "19": [
      45000,
      922.0181405895715
    ],
    "20": [
      47000,
      676.1451247165553
    ],
    "21": [
      49000,
      829.8185941043101
    ],
    "22": [
      51000,
      676.1451247165553
    ],
    "23": [
      53000,
      891.2925170068036
    ],
    "24": [
      55000,
      1321.5646258503425
    ],
    "25": [
      58000,
      922.0181405895715
    ],
    "26": [
      60000,
      1383.0158730158714
    ],
    "27": [
      63000,
      952.7437641723325
    ],
    "28": [
      65000,
      1229.3424036281237
    ],
    "29": [
      68000,
      1475.2380952380975
    ],
    "30": [
      71000,
      1137.1655328798197
    ],
    "31": [
      74000,
      1137.1655328798197
    ],
    "32": [
      77000,
      1905.5102040816364
    ],
    "33": [
      80000,
      1106.4172335600942
    ],
    "34": [
      83000,
      1321.5419501133852
    ],
    "01": [
      0,
      1170.1360544217687
    ],
    "02": [
      3000,
      1170.1133786848068
    ],
    "03": [
      6000,
      1131.133786848073
    ],
    "04": [
      9000,
      1287.1428571428573
    ],
    "05": [
      12000,
      1092.1315192743766
    ],
    "06": [
      15000,
      702.086167800454
    ],
    "07": [
      17000,
      936.0997732426313
    ],
    "08": [
      19000,
      936.0997732426313
    ],
    "09": [
      21000,
      975.1247165532889
    ]
  }
}