{
  "src": [
    "hd1_4.mp3"
  ],
  "sprite": {
    "10": [
      49000,
      3706.825396825394
    ],
    "11": [
      54000,
      3737.9591836734676
    ],
    "12": [
      59000,
      2554.2857142857115
    ],
    "13": [
      63000,
      1619.7732426303874
    ],
    "14": [
      66000,
      3800.2721088435437
    ],
    "15": [
      71000,
      2647.732426303861
    ],
    "16": [
      75000,
      2055.8730158730186
    ],
    "17": [
      79000,
      2585.419501133785
    ],
    "18": [
      83000,
      1183.673469387756
    ],
    "19": [
      86000,
      2367.3696145124695
    ],
    "20": [
      90000,
      1183.6961451247134
    ],
    "21": [
      93000,
      2398.5260770975
    ],
    "22": [
      97000,
      1121.3832199546516
    ],
    "23": [
      100000,
      2398.5260770975
    ],
    "24": [
      104000,
      4329.81859410431
    ],
    "25": [
      110000,
      3052.675736961447
    ],
    "26": [
      115000,
      10684.399092970523
    ],
    "27": [
      127000,
      3021.5192743764305
    ],
    "28": [
      132000,
      1308.2766439909221
    ],
    "29": [
      135000,
      1495.1927437641643
    ],
    "30": [
      138000,
      1183.6734693877418
    ],
    "31": [
      141000,
      1059.092970521533
    ],
    "32": [
      144000,
      1059.092970521533
    ],
    "33": [
      147000,
      1059.092970521533
    ],
    "34": [
      150000,
      1277.1428571428487
    ],
    "35": [
      153000,
      1526.3265306122378
    ],
    "36": [
      156000,
      1059.092970521533
    ],
    "37": [
      159000,
      2928.0725623582666
    ],
    "38": [
      163000,
      1090.2494331065782
    ],
    "39": [
      166000,
      1152.56235827664
    ],
    "40": [
      169000,
      3862.585034013591
    ],
    "41": [
      174000,
      2616.5986394557876
    ],
    "42": [
      178000,
      1495.170068027221
    ],
    "43": [
      181000,
      1339.4331065759673
    ],
    "44": [
      184000,
      2647.732426303861
    ],
    "45": [
      188000,
      1121.3832199546516
    ],
    "46": [
      191000,
      2491.9727891156354
    ],
    "47": [
      195000,
      4547.891156462583
    ],
    "48": [
      201000,
      3800.294784580501
    ],
    "49": [
      206000,
      1027.9365079365164
    ],
    "50": [
      209000,
      3706.848072562366
    ],
    "51": [
      214000,
      5949.6145124716695
    ],
    "52": [
      221000,
      1401.746031746029
    ],
    "53": [
      224000,
      1152.5396825396683
    ],
    "54": [
      227000,
      1059.092970521533
    ],
    "55": [
      230000,
      2896.9387755101934
    ],
    "56": [
      234000,
      3831.4285714285743
    ],
    "57": [
      239000,
      5264.3310657596485
    ],
    "58": [
      246000,
      4579.024943310656
    ],
    "59": [
      252000,
      1214.8299319727869
    ],
    "60": [
      255000,
      965.6462585033978
    ],
    "61": [
      257000,
      5793.854875283443
    ],
    "62": [
      264000,
      6043.061224489804
    ],
    "63": [
      272000,
      1277.1428571428487
    ],
    "64": [
      275000,
      5669.251700680263
    ],
    "65": [
      282000,
      1432.9024943310742
    ],
    "66": [
      285000,
      3582.222222222242
    ],
    "67": [
      290000,
      6510.294784580481
    ],
    "68": [
      298000,
      903.3333333333076
    ],
    "69": [
      300000,
      1027.936507936488
    ],
    "01": [
      0,
      5669.297052154195
    ],
    "02": [
      7000,
      4113.990929705215
    ],
    "03": [
      13000,
      4314.671201814058
    ],
    "04": [
      19000,
      3800.2947845804974
    ],
    "05": [
      24000,
      4703.628117913833
    ],
    "06": [
      30000,
      4454.444444444448
    ],
    "07": [
      36000,
      778.7528344671202
    ],
    "08": [
      38000,
      809.909297052151
    ],
    "09": [
      40000,
      7849.750566893426
    ]
  }
}