{
  "src": [
    "hd1_15.mp3"
  ],
  "sprite": {
    "10": [
      97000,
      2656.349206349205
    ],
    "11": [
      101000,
      16909.93197278911
    ],
    "12": [
      119000,
      2623.9682539682576
    ],
    "13": [
      123000,
      20797.25623582766
    ],
    "14": [
      145000,
      17752.176870748313
    ],
    "15": [
      164000,
      10074.671201814055
    ],
    "16": [
      176000,
      2559.1609977324197
    ],
    "17": [
      180000,
      2526.7800453514724
    ],
    "18": [
      184000,
      13605.691609977328
    ],
    "19": [
      199000,
      4308.480725623582
    ],
    "20": [
      205000,
      11500.045351473915
    ],
    "21": [
      218000,
      2785.9183673469374
    ],
    "22": [
      222000,
      1976.0544217687084
    ],
    "23": [
      225000,
      6446.507936507942
    ],
    "24": [
      233000,
      6154.943310657586
    ],
    "25": [
      241000,
      2850.7256235827754
    ],
    "26": [
      245000,
      11046.507936507965
    ],
    "27": [
      258000,
      12212.721088435388
    ],
    "28": [
      272000,
      2883.1065759637227
    ],
    "29": [
      276000,
      16262.040816326533
    ],
    "30": [
      294000,
      2591.564625850367
    ],
    "31": [
      298000,
      1101.4285714285847
    ],
    "32": [
      301000,
      2721.156462585043
    ],
    "33": [
      305000,
      485.91836734692606
    ],
    "34": [
      307000,
      3466.213151927434
    ],
    "35": [
      312000,
      11888.775510204085
    ],
    "36": [
      325000,
      16067.664399092962
    ],
    "37": [
      343000,
      4729.5918367346985
    ],
    "38": [
      349000,
      1133.809523809532
    ],
    "39": [
      352000,
      2721.156462585043
    ],
    "40": [
      356000,
      2461.9727891156344
    ],
    "41": [
      360000,
      1166.2131519274226
    ],
    "42": [
      363000,
      12893.015873015884
    ],
    "43": [
      377000,
      907.0521541950143
    ],
    "44": [
      379000,
      2721.1337868480996
    ],
    "45": [
      383000,
      11662.018140589567
    ],
    "46": [
      396000,
      4535.215419501128
    ],
    "47": [
      402000,
      5442.267573696143
    ],
    "48": [
      409000,
      12050.748299319708
    ],
    "49": [
      423000,
      6154.965986394586
    ],
    "50": [
      431000,
      2494.376417233582
    ],
    "51": [
      435000,
      1814.0816326530853
    ],
    "52": [
      438000,
      1263.4013605442078
    ],
    "53": [
      441000,
      8649.319727891168
    ],
    "54": [
      451000,
      2332.403628117902
    ],
    "55": [
      455000,
      6478.911564625832
    ],
    "56": [
      463000,
      971.8367346938521
    ],
    "57": [
      465000,
      16229.637188208642
    ],
    "58": [
      483000,
      2397.21088435374
    ],
    "59": [
      487000,
      2623.9455782313144
    ],
    "60": [
      491000,
      3466.213151927434
    ],
    "61": [
      496000,
      7288.752834467118
    ],
    "62": [
      505000,
      3725.3741496598423
    ],
    "63": [
      510000,
      5636.643990929656
    ],
    "64": [
      517000,
      2623.9455782313144
    ],
    "65": [
      521000,
      2656.349206349205
    ],
    "66": [
      525000,
      4729.5918367346985
    ],
    "67": [
      531000,
      2461.9954648526345
    ],
    "68": [
      535000,
      2073.2426303854936
    ],
    "69": [
      539000,
      2364.8072562358493
    ],
    "70": [
      543000,
      2623.9682539682008
    ],
    "71": [
      547000,
      1943.6734693877042
    ],
    "72": [
      550000,
      5021.133786848054
    ],
    "73": [
      557000,
      16521.201814058943
    ],
    "74": [
      575000,
      2785.9183673469943
    ],
    "75": [
      579000,
      2591.56462585031
    ],
    "76": [
      583000,
      2202.8344671201694
    ],
    "77": [
      587000,
      11467.664399092995
    ],
    "78": [
      600000,
      5053.560090702945
    ],
    "79": [
      607000,
      13476.122448979595
    ],
    "80": [
      622000,
      2202.8117913831693
    ],
    "81": [
      626000,
      1425.3514739228876
    ],
    "82": [
      629000,
      14123.9909297052
    ],
    "83": [
      645000,
      1619.727891156458
    ],
    "84": [
      648000,
      19469.092970521502
    ],
    "85": [
      669000,
      2526.780045351529
    ],
    "86": [
      673000,
      3077.4829931972363
    ],
    "87": [
      678000,
      17978.934240362832
    ],
    "88": [
      697000,
      2915.51020408167
    ],
    "89": [
      701000,
      9426.780045351506
    ],
    "90": [
      712000,
      3433.8321995464867
    ],
    "91": [
      717000,
      15484.557823129308
    ],
    "92": [
      734000,
      12666.235827664423
    ],
    "93": [
      748000,
      1166.1904761904225
    ],
    "94": [
      751000,
      11273.287981859427
    ],
    "01": [
      0,
      18400.068027210884
    ],
    "02": [
      20000,
      18076.12244897959
    ],
    "03": [
      40000,
      9912.721088435375
    ],
    "04": [
      51000,
      1230.9750566893456
    ],
    "05": [
      54000,
      4405.646258503402
    ],
    "06": [
      60000,
      9361.99546485261
    ],
    "07": [
      71000,
      1360.5668934240357
    ],
    "08": [
      74000,
      3142.267573696145
    ],
    "09": [
      79000,
      16488.77551020408
    ]
  }
}