{
  "src": [
    "hd1_p1.mp3"
  ],
  "sprite": {
    "01": [
      0,
      1478.6621315192742
    ],
    "02": [
      3000,
      1333.1519274376421
    ],
    "03": [
      6000,
      1237.9138321995465
    ],
    "04": [
      9000,
      857.029478458049
    ],
    "05": [
      11000,
      1206.1678004535138
    ]
  }
}