{
  "src": [
    "hd1_2.mp3"
  ],
  "sprite": {
    "10": [
      43000,
      7107.505668934237
    ],
    "11": [
      52000,
      2821.0204081632637
    ],
    "12": [
      56000,
      3150.7709750566873
    ],
    "13": [
      61000,
      7547.165532879816
    ],
    "14": [
      70000,
      2491.3151927437693
    ],
    "15": [
      74000,
      6521.3378684807285
    ],
    "16": [
      82000,
      2418.004535147389
    ],
    "17": [
      86000,
      2930.9523809523766
    ],
    "18": [
      90000,
      1135.7369614512436
    ],
    "19": [
      93000,
      1062.4716553287926
    ],
    "20": [
      96000,
      6960.975056689335
    ],
    "21": [
      104000,
      7363.99092970521
    ],
    "22": [
      113000,
      6301.519274376417
    ],
    "23": [
      121000,
      3333.945578231294
    ],
    "24": [
      126000,
      5422.222222222217
    ],
    "25": [
      133000,
      1099.0929705215535
    ],
    "26": [
      136000,
      3700.2947845805065
    ],
    "27": [
      141000,
      1282.2902494331174
    ],
    "28": [
      144000,
      1099.0929705215535
    ],
    "29": [
      147000,
      2711.1337868480805
    ],
    "30": [
      151000,
      1502.1088435374281
    ],
    "31": [
      154000,
      1648.6621315192735
    ],
    "32": [
      157000,
      6228.2312925169945
    ],
    "33": [
      165000,
      3920.1360544217605
    ],
    "34": [
      170000,
      2821.0204081632637
    ],
    "35": [
      174000,
      989.1836734693982
    ],
    "36": [
      176000,
      5385.578231292528
    ],
    "37": [
      183000,
      7290.702947845802
    ],
    "38": [
      192000,
      6997.619047619054
    ],
    "39": [
      200000,
      8792.81179138323
    ],
    "40": [
      210000,
      2418.027210884361
    ],
    "41": [
      214000,
      5348.95691609978
    ],
    "42": [
      221000,
      1282.2902494331174
    ],
    "43": [
      224000,
      952.5623582766514
    ],
    "44": [
      226000,
      1135.7596371882153
    ],
    "45": [
      229000,
      7913.5374149659865
    ],
    "46": [
      238000,
      1318.9115646258642
    ],
    "47": [
      241000,
      2234.829931972797
    ],
    "48": [
      245000,
      5861.8820861678105
    ],
    "49": [
      252000,
      6374.78458049884
    ],
    "50": [
      260000,
      2711.1111111111086
    ],
    "51": [
      264000,
      1428.8208616779912
    ],
    "52": [
      267000,
      3407.2108843537308
    ],
    "53": [
      272000,
      2381.383219954671
    ],
    "54": [
      276000,
      1355.5555555555543
    ],
    "55": [
      279000,
      1392.1995464852444
    ],
    "56": [
      282000,
      1978.3900226757396
    ],
    "57": [
      285000,
      879.2743764172428
    ],
    "58": [
      287000,
      1062.4716553288067
    ],
    "59": [
      290000,
      3993.401360544226
    ],
    "60": [
      295000,
      952.5396825396797
    ],
    "61": [
      297000,
      696.0997732426222
    ],
    "62": [
      299000,
      1685.283446711992
    ],
    "63": [
      302000,
      2527.936507936488
    ],
    "64": [
      306000,
      6338.16326530615
    ],
    "01": [
      0,
      6704.512471655328
    ],
    "02": [
      8000,
      3150.770975056689
    ],
    "03": [
      13000,
      2784.3990929705205
    ],
    "04": [
      17000,
      3077.482993197279
    ],
    "05": [
      22000,
      2527.9365079365093
    ],
    "06": [
      26000,
      2784.3990929705205
    ],
    "07": [
      30000,
      2930.9297052154193
    ],
    "08": [
      34000,
      2454.6485260771005
    ],
    "09": [
      38000,
      3407.210884353745
    ]
  }
}