{
  "src": [
    "hd1_3.mp3"
  ],
  "sprite": {
    "10": [
      56000,
      6310.544217687074
    ],
    "11": [
      64000,
      4336.281179138325
    ],
    "12": [
      70000,
      4583.061224489797
    ],
    "13": [
      76000,
      5147.142857142853
    ],
    "14": [
      83000,
      6204.7845804988665
    ],
    "15": [
      91000,
      1269.1609977324276
    ],
    "16": [
      94000,
      1480.7029478457991
    ],
    "17": [
      97000,
      5182.403628117911
    ],
    "18": [
      104000,
      2503.061224489798
    ],
    "19": [
      108000,
      3172.902494331069
    ],
    "20": [
      113000,
      2926.1224489795977
    ],
    "21": [
      117000,
      5147.142857142853
    ],
    "22": [
      124000,
      5887.482993197267
    ],
    "23": [
      131000,
      3595.9410430839116
    ],
    "24": [
      136000,
      7685.464852607709
    ],
    "25": [
      145000,
      3772.2222222222117
    ],
    "26": [
      150000,
      3948.50340136054
    ],
    "27": [
      155000,
      4583.061224489797
    ],
    "28": [
      161000,
      4477.301587301582
    ],
    "29": [
      167000,
      4618.321995464839
    ],
    "30": [
      173000,
      2573.5600907029548
    ],
    "31": [
      177000,
      1198.6394557823132
    ],
    "32": [
      180000,
      4970.884353741496
    ],
    "33": [
      186000,
      4230.521541950111
    ],
    "34": [
      192000,
      4512.562358276654
    ],
    "35": [
      198000,
      987.120181405885
    ],
    "36": [
      200000,
      810.8390022675849
    ],
    "37": [
      202000,
      951.859410430842
    ],
    "38": [
      204000,
      881.3605442176993
    ],
    "39": [
      206000,
      1057.6417233559994
    ],
    "40": [
      209000,
      1128.1405895691705
    ],
    "41": [
      212000,
      1022.3809523809564
    ],
    "42": [
      215000,
      1163.4013605442135
    ],
    "43": [
      218000,
      810.8390022675849
    ],
    "44": [
      220000,
      1163.4013605442135
    ],
    "45": [
      223000,
      4019.0022675736827
    ],
    "46": [
      229000,
      6416.303854875281
    ],
    "47": [
      237000,
      4865.102040816339
    ],
    "48": [
      243000,
      1445.4195011337845
    ],
    "49": [
      246000,
      1057.6190476190561
    ],
    "50": [
      249000,
      4406.802721088439
    ],
    "51": [
      255000,
      2679.342403628141
    ],
    "52": [
      259000,
      1128.1405895691705
    ],
    "53": [
      262000,
      6663.083900226752
    ],
    "54": [
      270000,
      987.120181405885
    ],
    "55": [
      272000,
      6874.60317460318
    ],
    "56": [
      280000,
      5006.122448979568
    ],
    "57": [
      287000,
      1092.879818594099
    ],
    "58": [
      290000,
      1092.879818594099
    ],
    "59": [
      293000,
      1339.682539682542
    ],
    "60": [
      296000,
      4794.580498866197
    ],
    "61": [
      302000,
      2291.5419501133556
    ],
    "62": [
      306000,
      1727.4603174603271
    ],
    "63": [
      309000,
      9483.424036281178
    ],
    "64": [
      320000,
      1233.922902494328
    ],
    "01": [
      0,
      6557.324263038548
    ],
    "02": [
      8000,
      4230.521541950115
    ],
    "03": [
      14000,
      4089.5238095238115
    ],
    "04": [
      20000,
      4547.8231292517
    ],
    "05": [
      26000,
      3736.961451247165
    ],
    "06": [
      31000,
      6169.523809523809
    ],
    "07": [
      39000,
      3031.8820861677978
    ],
    "08": [
      44000,
      4442.040816326532
    ],
    "09": [
      50000,
      4019.002267573697
    ]
  }
}