{
  "src": [
    "hd1_6.mp3"
  ],
  "sprite": {
    "10": [
      52000,
      7089.138321995463
    ],
    "11": [
      61000,
      5973.242630385485
    ],
    "12": [
      68000,
      3446.0997732426363
    ],
    "13": [
      73000,
      3380.4761904761876
    ],
    "14": [
      78000,
      1936.3718820861636
    ],
    "15": [
      81000,
      12209.070294784582
    ],
    "16": [
      95000,
      2920.9750566893435
    ],
    "17": [
      99000,
      1444.0816326530667
    ],
    "18": [
      102000,
      11093.19727891156
    ],
    "19": [
      115000,
      9123.990929705215
    ],
    "20": [
      126000,
      1312.7891156462538
    ],
    "21": [
      129000,
      5907.61904761905
    ],
    "22": [
      136000,
      1214.353741496609
    ],
    "23": [
      139000,
      3905.578231292509
    ],
    "24": [
      144000,
      6268.616780045363
    ],
    "25": [
      152000,
      5546.575963718823
    ],
    "26": [
      159000,
      1936.394557823121
    ],
    "27": [
      162000,
      1181.5192743764271
    ],
    "28": [
      165000,
      1181.5192743764271
    ],
    "29": [
      168000,
      1312.8117913832114
    ],
    "30": [
      171000,
      1575.374149659865
    ],
    "31": [
      174000,
      1706.643990929706
    ],
    "32": [
      177000,
      2527.1428571428487
    ],
    "33": [
      181000,
      5645.056689342397
    ],
    "34": [
      188000,
      2494.3083900226666
    ],
    "35": [
      192000,
      2166.1224489795927
    ],
    "36": [
      196000,
      2494.3310657596385
    ],
    "37": [
      200000,
      1214.353741496609
    ],
    "38": [
      203000,
      6596.8253968254085
    ],
    "39": [
      211000,
      2691.247165532872
    ],
    "40": [
      215000,
      1312.8117913832114
    ],
    "41": [
      218000,
      5513.764172335613
    ],
    "42": [
      225000,
      9681.927437641718
    ],
    "43": [
      236000,
      5513.786848072556
    ],
    "44": [
      243000,
      3314.807256235838
    ],
    "45": [
      248000,
      4200.9750566893445
    ],
    "46": [
      254000,
      6629.659863945562
    ],
    "47": [
      262000,
      1575.374149659865
    ],
    "48": [
      265000,
      18937.165532879815
    ],
    "49": [
      285000,
      1641.0204081632855
    ],
    "50": [
      288000,
      4594.80725623581
    ],
    "51": [
      294000,
      1017.4149659864042
    ],
    "52": [
      297000,
      7286.054421768711
    ],
    "53": [
      306000,
      9714.739229024928
    ],
    "54": [
      317000,
      1444.0816326530808
    ],
    "55": [
      320000,
      6892.222222222244
    ],
    "56": [
      328000,
      4660.453514739231
    ],
    "57": [
      334000,
      1739.4784580498595
    ],
    "58": [
      337000,
      3544.557823129253
    ],
    "01": [
      0,
      7220.408163265306
    ],
    "02": [
      9000,
      3085.0793650793644
    ],
    "03": [
      14000,
      5251.201814058959
    ],
    "04": [
      21000,
      3052.2675736961455
    ],
    "05": [
      26000,
      2822.5170068027196
    ],
    "06": [
      30000,
      2888.163265306119
    ],
    "07": [
      34000,
      2658.412698412697
    ],
    "08": [
      38000,
      2724.058956916096
    ],
    "09": [
      42000,
      8139.365079365078
    ]
  }
}