{
  "src": [
    "hd1_9.mp3"
  ],
  "sprite": {
    "10": [
      74000,
      2495.6235827664414
    ],
    "11": [
      78000,
      1004.739229024949
    ],
    "12": [
      81000,
      2625.2607709750605
    ],
    "13": [
      85000,
      1199.183673469392
    ],
    "14": [
      88000,
      2301.156462585027
    ],
    "15": [
      92000,
      5380.158730158726
    ],
    "16": [
      99000,
      1134.3537414965965
    ],
    "17": [
      102000,
      1101.9727891156492
    ],
    "18": [
      105000,
      875.0793650793582
    ],
    "19": [
      107000,
      1037.1428571428537
    ],
    "20": [
      110000,
      875.0793650793582
    ],
    "21": [
      112000,
      907.5056689342347
    ],
    "22": [
      114000,
      842.6757369614535
    ],
    "23": [
      116000,
      1199.2063492063494
    ],
    "24": [
      119000,
      1069.546485260773
    ],
    "25": [
      122000,
      1069.546485260773
    ],
    "26": [
      125000,
      972.3356009070301
    ],
    "27": [
      127000,
      1004.7165532879774
    ],
    "28": [
      130000,
      1069.5464852607586
    ],
    "29": [
      133000,
      1069.5464852607586
    ],
    "30": [
      136000,
      907.5056689342489
    ],
    "31": [
      138000,
      1069.5464852607586
    ],
    "32": [
      141000,
      5509.795918367359
    ],
    "33": [
      148000,
      7389.614512471667
    ],
    "34": [
      157000,
      1815.0113378684694
    ],
    "35": [
      160000,
      1652.9251700680163
    ],
    "36": [
      163000,
      1134.3764172335682
    ],
    "37": [
      166000,
      5347.755102040821
    ],
    "38": [
      173000,
      2074.2857142857074
    ],
    "39": [
      177000,
      1264.0136054421873
    ],
    "40": [
      180000,
      907.5056689342489
    ],
    "41": [
      182000,
      1231.5873015872967
    ],
    "42": [
      185000,
      7843.378684807249
    ],
    "43": [
      194000,
      8297.097505668944
    ],
    "44": [
      204000,
      10501.043083900215
    ],
    "45": [
      216000,
      3921.6780045351525
    ],
    "46": [
      221000,
      1426.054421768697
    ],
    "47": [
      224000,
      8329.523809523806
    ],
    "48": [
      234000,
      1069.5464852607586
    ],
    "49": [
      237000,
      1393.6507936508065
    ],
    "50": [
      240000,
      939.9092970521679
    ],
    "51": [
      242000,
      6514.512471655336
    ],
    "52": [
      250000,
      2949.365079365066
    ],
    "53": [
      254000,
      6190.430839002261
    ],
    "54": [
      262000,
      1199.1836734694061
    ],
    "55": [
      265000,
      2949.365079365066
    ],
    "56": [
      269000,
      5574.6031746031695
    ],
    "57": [
      276000,
      4343.015873015873
    ],
    "58": [
      282000,
      2398.3673469387554
    ],
    "59": [
      286000,
      11343.696145124739
    ],
    "60": [
      299000,
      939.9092970521679
    ],
    "61": [
      301000,
      1166.7800453514587
    ],
    "62": [
      304000,
      972.3129251700584
    ],
    "63": [
      306000,
      907.5056689342205
    ],
    "64": [
      308000,
      972.3129251700584
    ],
    "65": [
      310000,
      4602.29024943311
    ],
    "66": [
      316000,
      6028.36734693875
    ],
    "67": [
      324000,
      5412.562358276659
    ],
    "68": [
      331000,
      7551.67800453512
    ],
    "69": [
      340000,
      8880.498866213145
    ],
    "70": [
      350000,
      842.6757369614393
    ],
    "71": [
      352000,
      3046.5986394557945
    ],
    "72": [
      357000,
      1166.7800453514587
    ],
    "73": [
      360000,
      1101.9727891156208
    ],
    "74": [
      363000,
      2398.3673469387554
    ],
    "75": [
      367000,
      4634.716553288001
    ],
    "76": [
      373000,
      3629.977324263052
    ],
    "77": [
      378000,
      972.3129251700584
    ],
    "78": [
      380000,
      10241.72335600906
    ],
    "79": [
      392000,
      2398.3900226757555
    ],
    "80": [
      396000,
      2236.3265306122457
    ],
    "81": [
      400000,
      2171.519274376408
    ],
    "82": [
      404000,
      5801.49659863946
    ],
    "83": [
      411000,
      1037.1428571428396
    ],
    "01": [
      0,
      6546.916099773242
    ],
    "02": [
      8000,
      3921.6780045351475
    ],
    "03": [
      13000,
      8750.839002267576
    ],
    "04": [
      23000,
      8491.56462585034
    ],
    "05": [
      33000,
      8556.394557823125
    ],
    "06": [
      43000,
      11700.226757369614
    ],
    "07": [
      56000,
      5607.029478458053
    ],
    "08": [
      63000,
      4407.845804988668
    ],
    "09": [
      69000,
      3305.895691609976
    ]
  }
}