{
  "src": [
    "hd1_13.mp3"
  ],
  "sprite": {
    "10": [
      39000,
      9398.276643990925
    ],
    "11": [
      50000,
      1771.7913832199556
    ],
    "12": [
      53000,
      1515.0113378684794
    ],
    "13": [
      56000,
      6393.900226757367
    ],
    "14": [
      64000,
      4134.2176870748235
    ],
    "15": [
      70000,
      17435.600907029482
    ],
    "16": [
      89000,
      3132.7664399093037
    ],
    "17": [
      94000,
      2413.764172335604
    ],
    "18": [
      98000,
      5829.002267573699
    ],
    "19": [
      105000,
      2388.072562358275
    ],
    "20": [
      109000,
      4390.9977324263
    ],
    "21": [
      115000,
      4904.557823129252
    ],
    "22": [
      121000,
      5084.30839002267
    ],
    "23": [
      128000,
      1052.8117913832205
    ],
    "24": [
      131000,
      2336.73469387756
    ],
    "25": [
      135000,
      975.7596371882187
    ],
    "26": [
      137000,
      1925.8730158730089
    ],
    "27": [
      140000,
      5418.117913832191
    ],
    "28": [
      147000,
      7960.294784580497
    ],
    "29": [
      156000,
      7523.764172335604
    ],
    "30": [
      165000,
      3338.1859410430934
    ],
    "31": [
      170000,
      5392.471655328791
    ],
    "32": [
      177000,
      2953.015873015886
    ],
    "33": [
      181000,
      10040.226757369623
    ],
    "34": [
      193000,
      7883.242630385495
    ],
    "35": [
      202000,
      3004.3764172335727
    ],
    "36": [
      207000,
      1052.8117913832205
    ],
    "37": [
      210000,
      1489.3424036281147
    ],
    "38": [
      213000,
      1181.224489795909
    ],
    "39": [
      216000,
      1104.1723356009072
    ],
    "40": [
      219000,
      6060.090702947832
    ],
    "41": [
      227000,
      1232.5623582766525
    ],
    "42": [
      230000,
      1309.5918367346826
    ],
    "43": [
      233000,
      1181.2018140589657
    ],
    "44": [
      236000,
      1515.0113378684864
    ],
    "45": [
      239000,
      2953.015873015886
    ],
    "46": [
      243000,
      2208.321995464843
    ],
    "47": [
      247000,
      975.7823129251619
    ],
    "48": [
      249000,
      590.6122448979545
    ],
    "49": [
      251000,
      5443.809523809534
    ],
    "50": [
      258000,
      3671.995464852614
    ],
    "51": [
      263000,
      6291.179138321979
    ],
    "52": [
      271000,
      11324.149659863962
    ],
    "53": [
      284000,
      4981.587301587297
    ],
    "54": [
      290000,
      2567.8458049886785
    ],
    "55": [
      294000,
      2234.0136054421578
    ],
    "56": [
      298000,
      2670.544217687052
    ],
    "57": [
      302000,
      2798.9342403628257
    ],
    "58": [
      306000,
      2978.6848072562293
    ],
    "59": [
      310000,
      7857.573696145153
    ],
    "60": [
      319000,
      12428.321995464841
    ],
    "61": [
      333000,
      975.7823129251619
    ],
    "62": [
      335000,
      5007.27891156464
    ],
    "63": [
      342000,
      796.0090702947582
    ],
    "64": [
      344000,
      7164.263038548768
    ],
    "65": [
      353000,
      873.0612244897884
    ],
    "66": [
      355000,
      6034.399092970545
    ],
    "67": [
      363000,
      2105.623582766441
    ],
    "68": [
      367000,
      3081.405895691603
    ],
    "01": [
      0,
      5806.009070294785
    ],
    "02": [
      7000,
      5842.517006802721
    ],
    "03": [
      14000,
      766.8480725623574
    ],
    "04": [
      16000,
      766.8253968253964
    ],
    "05": [
      18000,
      730.2947845804972
    ],
    "06": [
      20000,
      333.28798185941014
    ],
    "07": [
      22000,
      611.0430839002277
    ],
    "08": [
      24000,
      314.78458049886626
    ],
    "09": [
      26000,
      11632.290249433105
    ]
  }
}