{
  "src": [
    "hd1_1.mp3"
  ],
  "sprite": {
    "10": [
      28000,
      1133.9909297052166
    ],
    "11": [
      31000,
      1480.476190476189
    ],
    "12": [
      34000,
      976.5079365079359
    ],
    "13": [
      36000,
      1039.5011337868496
    ],
    "14": [
      39000,
      850.4988662131509
    ],
    "15": [
      41000,
      881.9954648526078
    ],
    "16": [
      43000,
      3181.4965986394554
    ],
    "17": [
      48000,
      3464.9886621315177
    ],
    "18": [
      53000,
      3276.0090702947837
    ],
    "19": [
      58000,
      976.5079365079359
    ],
    "20": [
      60000,
      1007.9818594104281
    ],
    "21": [
      63000,
      630.0000000000025
    ],
    "22": [
      65000,
      2646.009070294781
    ],
    "23": [
      69000,
      4661.995464852609
    ],
    "24": [
      75000,
      4315.510204081633
    ],
    "25": [
      81000,
      4630.476190476187
    ],
    "26": [
      87000,
      3937.482993197278
    ],
    "27": [
      92000,
      4157.981859410427
    ],
    "28": [
      98000,
      3874.4897959183645
    ],
    "29": [
      103000,
      850.4988662131581
    ],
    "30": [
      105000,
      1102.4943310657563
    ],
    "31": [
      108000,
      819.0022675736941
    ],
    "32": [
      110000,
      850.4988662131581
    ],
    "33": [
      112000,
      834.6938775510182
    ],
    "34": [
      114000,
      852.8571428571468
    ],
    "35": [
      116000,
      1179.4784580498856
    ],
    "36": [
      119000,
      1342.7891156462551
    ],
    "37": [
      122000,
      1179.4784580498856
    ],
    "38": [
      125000,
      1252.0634920634989
    ],
    "39": [
      128000,
      943.5827664399028
    ],
    "40": [
      130000,
      1052.4716553287874
    ],
    "41": [
      133000,
      1542.4036281179099
    ],
    "42": [
      136000,
      1342.7891156462692
    ],
    "43": [
      139000,
      1996.031746031747
    ],
    "44": [
      142000,
      907.2789115646174
    ],
    "45": [
      144000,
      1161.315192743757
    ],
    "46": [
      147000,
      961.7233560090597
    ],
    "47": [
      149000,
      979.863945578245
    ],
    "48": [
      151000,
      3883.1972789115525
    ],
    "49": [
      156000,
      4572.721088435373
    ],
    "50": [
      162000,
      925.4421768707459
    ],
    "51": [
      164000,
      4881.224489795926
    ],
    "52": [
      170000,
      1034.3083900226873
    ],
    "53": [
      173000,
      1016.167800453502
    ],
    "54": [
      176000,
      1052.4489795918441
    ],
    "55": [
      179000,
      1143.1746031746002
    ],
    "56": [
      182000,
      7421.632653061238
    ],
    "57": [
      191000,
      870.9977324263036
    ],
    "58": [
      193000,
      1016.167800453502
    ],
    "59": [
      196000,
      8582.947845804994
    ],
    "60": [
      206000,
      5098.95691609978
    ],
    "61": [
      213000,
      925.4421768707459
    ],
    "62": [
      215000,
      5207.845804988665
    ],
    "63": [
      222000,
      2195.623582766444
    ],
    "64": [
      226000,
      1106.8934240362864
    ],
    "65": [
      229000,
      852.8344671201751
    ],
    "66": [
      231000,
      1451.6780045351538
    ],
    "67": [
      234000,
      816.575963718833
    ],
    "68": [
      236000,
      1016.167800453502
    ],
    "69": [
      239000,
      1669.410430839008
    ],
    "70": [
      242000,
      1052.4489795918441
    ],
    "71": [
      245000,
      943.5827664399028
    ],
    "72": [
      247000,
      1560.5442176870667
    ],
    "73": [
      250000,
      961.7233560090597
    ],
    "74": [
      252000,
      1524.2403628117813
    ],
    "75": [
      255000,
      816.5532879818613
    ],
    "76": [
      257000,
      4663.469387755129
    ],
    "77": [
      263000,
      1397.233560090683
    ],
    "78": [
      266000,
      725.8276643991053
    ],
    "79": [
      268000,
      2268.2312925169867
    ],
    "80": [
      272000,
      925.4421768707743
    ],
    "81": [
      274000,
      1052.4489795918157
    ],
    "82": [
      277000,
      1143.1746031746002
    ],
    "83": [
      280000,
      852.8571428571468
    ],
    "84": [
      282000,
      4645.306122448972
    ],
    "85": [
      288000,
      1451.6553287982106
    ],
    "86": [
      291000,
      3719.8866213151973
    ],
    "87": [
      296000,
      725.8276643991053
    ],
    "01": [
      0,
      4472.993197278911
    ],
    "02": [
      6000,
      1070.9977324263039
    ],
    "03": [
      9000,
      1008.0045351473927
    ],
    "04": [
      12000,
      976.5079365079359
    ],
    "05": [
      14000,
      1196.9841269841268
    ],
    "06": [
      17000,
      1386.009070294783
    ],
    "07": [
      20000,
      1165.5102040816346
    ],
    "08": [
      23000,
      913.4920634920647
    ],
    "09": [
      25000,
      1008.0045351473927
    ]
  }
}