{
  "src": [
    "hd1_p10.mp3"
  ],
  "sprite": {
    "10": [
      20000,
      862.267573696144
    ],
    "11": [
      22000,
      834.4671201814044
    ],
    "12": [
      24000,
      778.8208616780032
    ],
    "13": [
      26000,
      1084.7845804988658
    ],
    "14": [
      29000,
      1056.9841269841263
    ],
    "15": [
      32000,
      1112.60770975057
    ],
    "16": [
      35000,
      834.4444444444434
    ],
    "17": [
      37000,
      1529.818594104306
    ],
    "18": [
      40000,
      806.6213151927428
    ],
    "19": [
      42000,
      1335.1247165532882
    ],
    "20": [
      45000,
      834.4444444444434
    ],
    "21": [
      47000,
      834.4671201814081
    ],
    "22": [
      49000,
      945.7142857142884
    ],
    "23": [
      51000,
      1112.60770975057
    ],
    "24": [
      54000,
      2948.3900226757387
    ],
    "25": [
      58000,
      1891.4285714285697
    ],
    "26": [
      61000,
      1196.0317460317426
    ],
    "27": [
      64000,
      1196.0544217687072
    ],
    "28": [
      67000,
      1251.7006802721085
    ],
    "29": [
      70000,
      973.5147392290315
    ],
    "30": [
      72000,
      917.9138321995453
    ],
    "31": [
      74000,
      1752.3582766439886
    ],
    "32": [
      77000,
      1502.0181405895698
    ],
    "33": [
      80000,
      1780.158730158732
    ],
    "34": [
      83000,
      723.1972789115702
    ],
    "35": [
      85000,
      1112.607709750563
    ],
    "36": [
      88000,
      1251.678004535151
    ],
    "37": [
      91000,
      973.537414965989
    ],
    "38": [
      93000,
      945.7142857142884
    ],
    "39": [
      95000,
      1251.678004535151
    ],
    "01": [
      0,
      862.2675736961452
    ],
    "02": [
      2000,
      973.5147392290248
    ],
    "03": [
      4000,
      945.7142857142858
    ],
    "04": [
      6000,
      1140.408163265306
    ],
    "05": [
      9000,
      973.5374149659872
    ],
    "06": [
      11000,
      862.2675736961459
    ],
    "07": [
      13000,
      1001.3378684807251
    ],
    "08": [
      16000,
      695.3741496598625
    ],
    "09": [
      18000,
      862.267573696144
    ]
  }
}