{
  "src": [
    "hd1_12.mp3"
  ],
  "sprite": {
    "10": [
      62000,
      3795.6009070294813
    ],
    "11": [
      67000,
      4059.637188208612
    ],
    "12": [
      73000,
      5181.814058956917
    ],
    "13": [
      80000,
      4059.637188208612
    ],
    "14": [
      86000,
      4818.752834467119
    ],
    "15": [
      92000,
      3927.6190476190463
    ],
    "16": [
      97000,
      3894.6031746031763
    ],
    "17": [
      102000,
      3927.596371882089
    ],
    "18": [
      107000,
      8614.376417233558
    ],
    "19": [
      117000,
      2343.3560090702913
    ],
    "20": [
      121000,
      1584.2403628117977
    ],
    "21": [
      124000,
      22377.50566893425
    ],
    "22": [
      148000,
      14687.30158730159
    ],
    "23": [
      164000,
      3036.4852607709736
    ],
    "24": [
      169000,
      2442.380952380944
    ],
    "25": [
      173000,
      9769.546485260777
    ],
    "26": [
      184000,
      3069.4784580499004
    ],
    "27": [
      189000,
      3300.498866213161
    ],
    "28": [
      194000,
      2838.435374149668
    ],
    "29": [
      198000,
      9505.510204081645
    ],
    "30": [
      209000,
      1155.192743764161
    ],
    "31": [
      212000,
      759.1156462584934
    ],
    "32": [
      214000,
      990.1587301587256
    ],
    "33": [
      216000,
      759.138321995465
    ],
    "34": [
      218000,
      1155.1700680272177
    ],
    "35": [
      221000,
      1089.1836734693925
    ],
    "36": [
      224000,
      2772.448979591843
    ],
    "37": [
      228000,
      2409.3877551020455
    ],
    "38": [
      232000,
      12277.936507936516
    ],
    "39": [
      246000,
      2871.4739229024817
    ],
    "40": [
      250000,
      1782.2902494331174
    ],
    "41": [
      253000,
      1683.2653061224505
    ],
    "42": [
      256000,
      1518.2312925169867
    ],
    "43": [
      259000,
      8119.297052154196
    ],
    "44": [
      269000,
      1254.1950113378562
    ],
    "45": [
      272000,
      1485.2154195011167
    ],
    "46": [
      275000,
      1254.1950113378562
    ],
    "47": [
      278000,
      1023.1519274376524
    ],
    "48": [
      281000,
      7096.1224489795995
    ],
    "49": [
      290000,
      11056.734693877559
    ],
    "50": [
      303000,
      4422.698412698423
    ],
    "51": [
      309000,
      2805.44217687077
    ],
    "52": [
      313000,
      825.1473922902619
    ],
    "53": [
      315000,
      11650.83900226756
    ],
    "54": [
      328000,
      4785.759637188221
    ],
    "55": [
      334000,
      1122.1768707483193
    ],
    "56": [
      337000,
      1023.1746031745956
    ],
    "57": [
      340000,
      1023.1519274376524
    ],
    "58": [
      343000,
      14918.367346938794
    ],
    "59": [
      359000,
      5082.789115646278
    ],
    "60": [
      366000,
      1023.1519274376524
    ],
    "61": [
      369000,
      2409.3877551020455
    ],
    "62": [
      373000,
      5313.832199546482
    ],
    "63": [
      380000,
      1683.2653061224505
    ],
    "64": [
      383000,
      18218.866213151956
    ],
    "65": [
      403000,
      3201.4965986394373
    ],
    "66": [
      408000,
      6469.024943310671
    ],
    "67": [
      416000,
      2310.3628117913786
    ],
    "68": [
      420000,
      6799.070294784598
    ],
    "69": [
      428000,
      1221.2018140589294
    ],
    "70": [
      431000,
      3399.546485260771
    ],
    "71": [
      436000,
      14390.272108843532
    ],
    "72": [
      452000,
      22047.482993197264
    ],
    "73": [
      476000,
      990.1587301587256
    ],
    "74": [
      478000,
      1188.1859410430593
    ],
    "75": [
      481000,
      5082.811791383221
    ],
    "76": [
      488000,
      4455.69160997735
    ],
    "77": [
      494000,
      4851.768707483017
    ],
    "78": [
      500000,
      4026.621315192756
    ],
    "79": [
      506000,
      8152.290249433122
    ],
    "80": [
      516000,
      4686.734693877497
    ],
    "81": [
      522000,
      3861.6099773242922
    ],
    "82": [
      527000,
      4785.736961451221
    ],
    "83": [
      533000,
      10396.64399092976
    ],
    "84": [
      545000,
      9505.487528344702
    ],
    "85": [
      556000,
      4686.757369614497
    ],
    "86": [
      562000,
      4026.643990929756
    ],
    "87": [
      568000,
      7294.149659863933
    ],
    "88": [
      577000,
      4191.65532879822
    ],
    "89": [
      583000,
      10396.64399092976
    ],
    "90": [
      595000,
      3135.4875283446972
    ],
    "91": [
      600000,
      3663.5827664399585
    ],
    "92": [
      605000,
      7558.185941043121
    ],
    "93": [
      614000,
      3630.5668934240884
    ],
    "94": [
      619000,
      3894.6258503401623
    ],
    "95": [
      624000,
      3630.5668934240884
    ],
    "96": [
      629000,
      3564.5578231292347
    ],
    "97": [
      634000,
      3894.6258503401623
    ],
    "98": [
      639000,
      4290.68027210883
    ],
    "99": [
      645000,
      4290.68027210883
    ],
    "01": [
      0,
      7063.12925170068
    ],
    "02": [
      9000,
      6436.009070294784
    ],
    "03": [
      17000,
      5544.8752834467105
    ],
    "04": [
      24000,
      4422.6984126984125
    ],
    "05": [
      30000,
      5346.848072562359
    ],
    "06": [
      37000,
      5049.795918367345
    ],
    "07": [
      44000,
      5181.814058956917
    ],
    "08": [
      51000,
      3894.6031746031763
    ],
    "09": [
      56000,
      4290.680272108844
    ]
  }
}