{
  "src": [
    "hd1_14.mp3"
  ],
  "sprite": {
    "10": [
      44000,
      5907.46031746032
    ],
    "11": [
      51000,
      6138.48072562358
    ],
    "12": [
      59000,
      5544.444444444452
    ],
    "13": [
      66000,
      7161.564625850346
    ],
    "14": [
      75000,
      7128.548752834462
    ],
    "15": [
      84000,
      6138.48072562358
    ],
    "16": [
      92000,
      990.0680272108815
    ],
    "17": [
      94000,
      1221.0884353741562
    ],
    "18": [
      97000,
      8118.639455782315
    ],
    "19": [
      107000,
      2772.199546485254
    ],
    "20": [
      111000,
      2805.215419501138
    ],
    "21": [
      115000,
      3036.235827664399
    ],
    "22": [
      120000,
      2541.2018140589507
    ],
    "23": [
      124000,
      2277.1655328798206
    ],
    "24": [
      128000,
      6171.4965986394645
    ],
    "25": [
      136000,
      2145.1700680271983
    ],
    "26": [
      140000,
      2805.215419501138
    ],
    "27": [
      144000,
      2706.213151927443
    ],
    "28": [
      148000,
      1683.1292517006773
    ],
    "29": [
      151000,
      2145.147392290255
    ],
    "30": [
      155000,
      4686.371882086178
    ],
    "31": [
      161000,
      2508.1859410430807
    ],
    "32": [
      165000,
      2805.215419501138
    ],
    "33": [
      169000,
      2805.215419501138
    ],
    "34": [
      173000,
      2541.2018140589507
    ],
    "35": [
      177000,
      5511.428571428582
    ],
    "36": [
      184000,
      2838.231292517008
    ],
    "37": [
      188000,
      1650.136054421779
    ],
    "38": [
      191000,
      2013.151927437633
    ],
    "39": [
      195000,
      5478.435374149654
    ],
    "40": [
      202000,
      10329.795918367352
    ],
    "41": [
      214000,
      26138.00453514739
    ],
    "42": [
      242000,
      4686.349206349206
    ],
    "43": [
      248000,
      11220.861678004552
    ],
    "44": [
      261000,
      2673.197278911573
    ],
    "45": [
      265000,
      5478.412698412683
    ],
    "46": [
      272000,
      7095.555555555564
    ],
    "47": [
      281000,
      1650.1133786848072
    ],
    "48": [
      284000,
      5544.42176870748
    ],
    "49": [
      291000,
      6798.526077097506
    ],
    "50": [
      299000,
      2607.188208616776
    ],
    "51": [
      303000,
      990.0680272108957
    ],
    "52": [
      305000,
      1056.0770975056926
    ],
    "53": [
      308000,
      13069.024943310636
    ],
    "54": [
      323000,
      10197.80045351473
    ],
    "55": [
      335000,
      5973.446712018131
    ],
    "56": [
      342000,
      1782.131519274401
    ],
    "57": [
      345000,
      7953.628117913809
    ],
    "58": [
      354000,
      3960.294784580526
    ],
    "59": [
      359000,
      5874.467120181407
    ],
    "60": [
      366000,
      6303.469387755114
    ],
    "61": [
      374000,
      5412.403628117886
    ],
    "62": [
      381000,
      4158.321995464859
    ],
    "63": [
      387000,
      3597.278911564615
    ],
    "64": [
      392000,
      6402.494331065782
    ],
    "65": [
      400000,
      6765.532879818579
    ],
    "66": [
      408000,
      8052.630385487532
    ],
    "67": [
      418000,
      3432.2675736961514
    ],
    "68": [
      423000,
      2970.2267573696304
    ],
    "69": [
      427000,
      1452.13151927436
    ],
    "70": [
      430000,
      1452.1088435374168
    ],
    "71": [
      433000,
      2277.165532879792
    ],
    "72": [
      437000,
      2277.165532879792
    ],
    "73": [
      441000,
      4191.315192743787
    ],
    "74": [
      447000,
      1980.1587301587347
    ],
    "75": [
      450000,
      10692.811791383236
    ],
    "76": [
      462000,
      2739.20634920637
    ],
    "77": [
      466000,
      5709.433106575943
    ],
    "78": [
      473000,
      1848.163265306141
    ],
    "79": [
      476000,
      2145.147392290255
    ],
    "80": [
      480000,
      17425.35147392289
    ],
    "81": [
      499000,
      4290.317460317454
    ],
    "82": [
      505000,
      6006.462585034001
    ],
    "83": [
      513000,
      15379.183673469357
    ],
    "01": [
      0,
      7689.591836734694
    ],
    "02": [
      9000,
      2838.2086167800458
    ],
    "03": [
      13000,
      2607.18820861678
    ],
    "04": [
      17000,
      3531.2698412698396
    ],
    "05": [
      22000,
      2508.1859410430843
    ],
    "06": [
      26000,
      2805.215419501135
    ],
    "07": [
      30000,
      3102.222222222224
    ],
    "08": [
      35000,
      3498.276643990927
    ],
    "09": [
      40000,
      2772.222222222226
    ]
  }
}