{
  "src": [
    "hd1_p12.mp3"
  ],
  "sprite": {
    "10": [
      25000,
      1220.7709750566878
    ],
    "11": [
      28000,
      966.4399092970513
    ],
    "12": [
      30000,
      1068.1632653061222
    ],
    "13": [
      33000,
      1042.743764172336
    ],
    "14": [
      36000,
      1271.6553287981897
    ],
    "15": [
      39000,
      941.0204081632685
    ],
    "16": [
      41000,
      915.578231292514
    ],
    "17": [
      43000,
      991.8820861677987
    ],
    "18": [
      45000,
      1068.1859410430832
    ],
    "19": [
      48000,
      940.9977324263039
    ],
    "20": [
      50000,
      1068.1859410430832
    ],
    "21": [
      53000,
      864.716553287984
    ],
    "22": [
      55000,
      966.4625850340158
    ],
    "23": [
      57000,
      1500.5442176870715
    ],
    "24": [
      60000,
      1195.351473922905
    ],
    "25": [
      63000,
      2797.619047619051
    ],
    "26": [
      67000,
      1093.6281179138377
    ],
    "27": [
      70000,
      813.8548752834538
    ],
    "28": [
      72000,
      966.4625850340087
    ],
    "29": [
      74000,
      1119.0476190476204
    ],
    "30": [
      77000,
      1042.7664399093005
    ],
    "31": [
      80000,
      813.8548752834538
    ],
    "32": [
      82000,
      1068.1859410430832
    ],
    "33": [
      85000,
      1373.3786848072498
    ],
    "34": [
      88000,
      1017.324263038546
    ],
    "35": [
      91000,
      762.9705215419449
    ],
    "36": [
      93000,
      1068.1859410430832
    ],
    "37": [
      96000,
      966.4625850340087
    ],
    "38": [
      98000,
      1220.7709750566949
    ],
    "39": [
      101000,
      941.0204081632685
    ],
    "40": [
      103000,
      2060.068027210889
    ],
    "41": [
      107000,
      2136.3718820861664
    ],
    "42": [
      111000,
      1169.9319727891152
    ],
    "43": [
      114000,
      1220.7936507936524
    ],
    "44": [
      117000,
      1373.3786848072498
    ],
    "01": [
      0,
      1373.3786848072561
    ],
    "02": [
      3000,
      1271.655328798186
    ],
    "03": [
      6000,
      1144.4897959183677
    ],
    "04": [
      9000,
      1195.351473922903
    ],
    "05": [
      12000,
      1373.3786848072568
    ],
    "06": [
      15000,
      941.020408163265
    ],
    "07": [
      17000,
      1017.3242630385495
    ],
    "08": [
      20000,
      1347.9365079365095
    ],
    "09": [
      23000,
      941.020408163265
    ]
  }
}