{
  "src": [
    "hd1_10.mp3"
  ],
  "sprite": {
    "10": [
      66000,
      11606.802721088428
    ],
    "11": [
      79000,
      2727.2789115646247
    ],
    "12": [
      83000,
      3329.8412698412676
    ],
    "13": [
      88000,
      1934.4671201814094
    ],
    "14": [
      91000,
      1046.5306122448937
    ],
    "15": [
      94000,
      2188.163265306116
    ],
    "16": [
      98000,
      1014.8072562358266
    ],
    "17": [
      101000,
      2315.034013605441
    ],
    "18": [
      105000,
      5739.977324263037
    ],
    "19": [
      112000,
      2251.6099773242645
    ],
    "20": [
      116000,
      2378.4580498866176
    ],
    "21": [
      120000,
      2568.7301587301617
    ],
    "22": [
      124000,
      5074.036281179133
    ],
    "23": [
      131000,
      11289.68253968253
    ],
    "24": [
      144000,
      3868.934240362819
    ],
    "25": [
      149000,
      3012.6984126983984
    ],
    "26": [
      154000,
      1966.167800453519
    ],
    "27": [
      157000,
      15063.492063492049
    ],
    "28": [
      174000,
      9957.755102040806
    ],
    "29": [
      185000,
      6247.3696145124795
    ],
    "30": [
      193000,
      3202.9705215419426
    ],
    "31": [
      198000,
      2695.5782312925294
    ],
    "32": [
      202000,
      2790.725623582773
    ],
    "33": [
      206000,
      8118.412698412698
    ],
    "34": [
      216000,
      7737.891156462581
    ],
    "35": [
      225000,
      4630.04535147391
    ],
    "36": [
      231000,
      4376.349206349204
    ],
    "37": [
      237000,
      1300.2040816326428
    ],
    "38": [
      240000,
      6532.81179138321
    ],
    "39": [
      248000,
      14714.648526077099
    ],
    "40": [
      264000,
      2790.70294784583
    ],
    "41": [
      268000,
      4693.469387755102
    ],
    "42": [
      274000,
      5993.6734693877725
    ],
    "43": [
      281000,
      10370.022675736947
    ],
    "44": [
      293000,
      2378.4580498866035
    ],
    "45": [
      297000,
      10116.326530612241
    ],
    "46": [
      309000,
      6501.088435374129
    ],
    "47": [
      317000,
      2695.5555555555293
    ],
    "48": [
      321000,
      983.0839002267453
    ],
    "49": [
      323000,
      4186.077097505688
    ],
    "50": [
      329000,
      2346.734693877579
    ],
    "51": [
      333000,
      13985.26077097506
    ],
    "52": [
      348000,
      1014.7845804988833
    ],
    "53": [
      351000,
      4534.920634920638
    ],
    "54": [
      357000,
      5074.013605442189
    ],
    "55": [
      364000,
      6564.512471655348
    ],
    "56": [
      372000,
      8023.287981859426
    ],
    "57": [
      382000,
      4249.501133786851
    ],
    "58": [
      388000,
      6627.936507936511
    ],
    "59": [
      396000,
      1014.8072562358266
    ],
    "60": [
      399000,
      6215.668934240341
    ],
    "61": [
      407000,
      3139.54648526078
    ],
    "62": [
      412000,
      2949.274376417236
    ],
    "63": [
      416000,
      1395.351473922915
    ],
    "64": [
      419000,
      12145.91836734695
    ],
    "65": [
      433000,
      2029.59183673471
    ],
    "66": [
      437000,
      1173.3560090702895
    ],
    "67": [
      440000,
      5391.133786848059
    ],
    "68": [
      447000,
      2759.002267573692
    ],
    "69": [
      451000,
      2917.573696145098
    ],
    "70": [
      455000,
      9577.210884353746
    ],
    "71": [
      466000,
      5771.678004535147
    ],
    "72": [
      473000,
      10940.839002267581
    ],
    "73": [
      485000,
      5549.705215419522
    ],
    "74": [
      492000,
      3646.9387755101934
    ],
    "01": [
      0,
      6849.909297052154
    ],
    "02": [
      8000,
      6691.360544217688
    ],
    "03": [
      16000,
      5644.852607709751
    ],
    "04": [
      23000,
      5613.1292517006805
    ],
    "05": [
      30000,
      3964.0816326530626
    ],
    "06": [
      35000,
      6310.816326530613
    ],
    "07": [
      43000,
      6088.820861678002
    ],
    "08": [
      51000,
      5676.553287981861
    ],
    "09": [
      58000,
      6088.820861678002
    ]
  }
}