{
  "src": [
    "hd1_11.mp3"
  ],
  "sprite": {
    "10": [
      62000,
      5180.9070294784615
    ],
    "11": [
      69000,
      13753.605442176877
    ],
    "12": [
      84000,
      5889.070294784574
    ],
    "13": [
      91000,
      5590.884353741501
    ],
    "14": [
      98000,
      5702.698412698411
    ],
    "15": [
      105000,
      5739.9999999999945
    ],
    "16": [
      112000,
      5665.419501133783
    ],
    "17": [
      119000,
      5479.0702947845775
    ],
    "18": [
      126000,
      5739.977324263037
    ],
    "19": [
      133000,
      7640.884353741484
    ],
    "20": [
      142000,
      5665.442176870755
    ],
    "21": [
      149000,
      5739.977324263037
    ],
    "22": [
      156000,
      6150.0000000000055
    ],
    "23": [
      164000,
      6373.605442176881
    ],
    "24": [
      172000,
      6820.8843537414905
    ],
    "25": [
      180000,
      4919.9773242630445
    ],
    "26": [
      186000,
      4249.092970521531
    ],
    "27": [
      192000,
      5367.256235827654
    ],
    "28": [
      199000,
      4099.977324263051
    ],
    "29": [
      205000,
      5665.442176870755
    ],
    "30": [
      212000,
      2571.79138321996
    ],
    "31": [
      216000,
      1267.278911564631
    ],
    "32": [
      219000,
      1118.1859410430945
    ],
    "33": [
      222000,
      10548.140589569159
    ],
    "34": [
      234000,
      3727.2562358276673
    ],
    "35": [
      239000,
      4845.442176870762
    ],
    "36": [
      245000,
      6746.326530612237
    ],
    "37": [
      253000,
      5255.419501133815
    ],
    "38": [
      260000,
      1416.3492063491958
    ],
    "39": [
      263000,
      5516.326530612218
    ],
    "40": [
      270000,
      1975.464852607729
    ],
    "41": [
      273000,
      5069.07029478458
    ],
    "42": [
      280000,
      1528.1632653061479
    ],
    "43": [
      283000,
      2758.1859410431093
    ],
    "44": [
      287000,
      2348.163265306141
    ],
    "45": [
      291000,
      2907.256235827674
    ],
    "46": [
      295000,
      15729.047619047606
    ],
    "47": [
      312000,
      5143.605442176863
    ],
    "48": [
      319000,
      2534.535147392262
    ],
    "49": [
      323000,
      1938.1859410430593
    ],
    "50": [
      326000,
      5740.000000000009
    ],
    "51": [
      333000,
      2050.0000000000114
    ],
    "52": [
      337000,
      1006.3492063492276
    ],
    "53": [
      340000,
      969.0929705215581
    ],
    "54": [
      342000,
      969.0929705215581
    ],
    "55": [
      344000,
      3056.349206349182
    ],
    "56": [
      349000,
      7976.326530612255
    ],
    "57": [
      358000,
      2087.278911564624
    ],
    "58": [
      362000,
      670.9070294784851
    ],
    "59": [
      364000,
      1043.6507936507837
    ],
    "60": [
      367000,
      16549.024943310655
    ],
    "61": [
      385000,
      1155.4421768707357
    ],
    "62": [
      388000,
      15878.117913832171
    ],
    "63": [
      405000,
      7454.535147392278
    ],
    "64": [
      414000,
      1043.6281179138405
    ],
    "65": [
      417000,
      1565.464852607704
    ],
    "66": [
      420000,
      14163.605442176846
    ],
    "67": [
      436000,
      2571.8140589569316
    ],
    "68": [
      440000,
      6187.256235827646
    ],
    "69": [
      448000,
      1192.7210884353485
    ],
    "70": [
      451000,
      1379.0929705215262
    ],
    "71": [
      454000,
      1826.371882086164
    ],
    "72": [
      457000,
      9653.605442176853
    ],
    "73": [
      468000,
      1453.6281179138086
    ],
    "74": [
      471000,
      10771.768707482977
    ],
    "75": [
      483000,
      5814.535147392291
    ],
    "76": [
      490000,
      5292.721088435372
    ],
    "77": [
      497000,
      6410.884353741494
    ],
    "78": [
      505000,
      13641.76870748304
    ],
    "79": [
      520000,
      1490.9070294784215
    ],
    "80": [
      523000,
      11256.326530612227
    ],
    "81": [
      536000,
      2273.6281179138587
    ],
    "82": [
      540000,
      4100.000000000023
    ],
    "83": [
      546000,
      1341.8140589569703
    ],
    "84": [
      549000,
      2832.6984126983916
    ],
    "85": [
      553000,
      2273.6281179138587
    ],
    "86": [
      557000,
      894.5578231292757
    ],
    "87": [
      559000,
      6224.512471655316
    ],
    "88": [
      567000,
      3242.72108843536
    ],
    "89": [
      572000,
      5590.907029478444
    ],
    "01": [
      0,
      7827.256235827665
    ],
    "02": [
      9000,
      1304.53514739229
    ],
    "03": [
      12000,
      2870.000000000001
    ],
    "04": [
      16000,
      1528.185941043084
    ],
    "05": [
      19000,
      5926.326530612243
    ],
    "06": [
      26000,
      14909.04761904762
    ],
    "07": [
      42000,
      4547.256235827661
    ],
    "08": [
      48000,
      5553.605442176874
    ],
    "09": [
      55000,
      5665.442176870748
    ]
  }
}