{
  "src": [
    "hd1_p9.mp3"
  ],
  "sprite": {
    "10": [
      21000,
      855.4421768707492
    ],
    "11": [
      23000,
      699.9092970521552
    ],
    "12": [
      25000,
      881.3605442176886
    ],
    "13": [
      27000,
      1322.040816326531
    ],
    "14": [
      30000,
      881.3605442176886
    ],
    "15": [
      32000,
      751.7460317460304
    ],
    "16": [
      34000,
      985.0340136054427
    ],
    "17": [
      36000,
      1010.9523809523821
    ],
    "18": [
      39000,
      881.3605442176851
    ],
    "19": [
      41000,
      648.0725623582799
    ],
    "20": [
      43000,
      1555.3287981859398
    ],
    "21": [
      46000,
      1244.2630385487519
    ],
    "22": [
      49000,
      881.3605442176851
    ],
    "23": [
      51000,
      699.9092970521517
    ],
    "24": [
      53000,
      933.1972789115639
    ],
    "25": [
      55000,
      855.4195011337881
    ],
    "26": [
      57000,
      855.4421768707457
    ],
    "27": [
      59000,
      881.3605442176851
    ],
    "28": [
      61000,
      1010.9523809523821
    ],
    "29": [
      64000,
      907.2789115646316
    ],
    "30": [
      66000,
      1140.5895691609942
    ],
    "31": [
      69000,
      673.9682539682548
    ],
    "32": [
      71000,
      803.5827664399164
    ],
    "33": [
      73000,
      777.6643990929699
    ],
    "34": [
      75000,
      959.1156462585104
    ],
    "35": [
      77000,
      699.9092970521588
    ],
    "36": [
      79000,
      829.5011337868488
    ],
    "37": [
      81000,
      777.6643990929699
    ],
    "38": [
      83000,
      829.5011337868488
    ],
    "39": [
      85000,
      803.5827664399164
    ],
    "40": [
      87000,
      803.6054421768739
    ],
    "41": [
      89000,
      829.5011337868488
    ],
    "42": [
      91000,
      1192.426303854873
    ],
    "43": [
      94000,
      1296.0997732426308
    ],
    "44": [
      97000,
      1814.5578231292488
    ],
    "01": [
      0,
      855.4421768707483
    ],
    "02": [
      2000,
      959.1383219954648
    ],
    "03": [
      4000,
      751.7460317460313
    ],
    "04": [
      6000,
      881.3605442176869
    ],
    "05": [
      8000,
      673.9909297052158
    ],
    "06": [
      10000,
      1140.5668934240366
    ],
    "07": [
      13000,
      1114.6712018140583
    ],
    "08": [
      16000,
      933.1972789115639
    ],
    "09": [
      18000,
      1477.551020408164
    ]
  }
}