{
  "src": [
    "hd1_8.mp3"
  ],
  "sprite": {
    "10": [
      48000,
      2708.027210884353
    ],
    "11": [
      52000,
      8304.580498866215
    ],
    "12": [
      62000,
      5777.120181405891
    ],
    "13": [
      69000,
      5596.57596371882
    ],
    "14": [
      76000,
      2933.6961451247134
    ],
    "15": [
      80000,
      7808.117913832206
    ],
    "16": [
      89000,
      8349.75056689342
    ],
    "17": [
      99000,
      6454.1043083900295
    ],
    "18": [
      107000,
      8530.272108843534
    ],
    "19": [
      117000,
      2121.2925170068074
    ],
    "20": [
      121000,
      2346.961451247168
    ],
    "21": [
      125000,
      9252.403628117918
    ],
    "22": [
      136000,
      992.9478458049914
    ],
    "23": [
      138000,
      5461.179138321995
    ],
    "24": [
      145000,
      5280.634920634924
    ],
    "25": [
      152000,
      9071.88208616779
    ],
    "26": [
      163000,
      4242.562358276644
    ],
    "27": [
      169000,
      3430.1587301587233
    ],
    "28": [
      174000,
      1399.160997732423
    ],
    "29": [
      177000,
      3069.092970521552
    ],
    "30": [
      182000,
      1218.6167800453518
    ],
    "31": [
      185000,
      2211.5419501133715
    ],
    "32": [
      189000,
      827.2789115646333
    ],
    "33": [
      191000,
      6055.714285714288
    ],
    "34": [
      199000,
      3573.854875283445
    ],
    "35": [
      204000,
      1092.0181405895732
    ],
    "36": [
      207000,
      5691.700680272106
    ],
    "37": [
      214000,
      1323.6507936507849
    ],
    "38": [
      217000,
      1058.911564625845
    ],
    "39": [
      220000,
      9133.197278911553
    ],
    "40": [
      231000,
      7743.356009070283
    ],
    "41": [
      240000,
      2415.668934240358
    ],
    "42": [
      244000,
      1191.292517006815
    ],
    "43": [
      247000,
      2448.7528344671146
    ],
    "44": [
      251000,
      2746.575963718811
    ],
    "45": [
      255000,
      5029.8866213152
    ],
    "46": [
      262000,
      5824.081632653077
    ],
    "47": [
      269000,
      2283.3106575963598
    ],
    "48": [
      273000,
      4301.859410430836
    ],
    "49": [
      279000,
      2415.6689342403865
    ],
    "50": [
      283000,
      1522.1768707482966
    ],
    "51": [
      286000,
      12343.061224489815
    ],
    "52": [
      300000,
      5062.970521541956
    ],
    "53": [
      307000,
      9166.28117913831
    ],
    "54": [
      318000,
      2680.4081632653265
    ],
    "55": [
      322000,
      5360.793650793653
    ],
    "56": [
      329000,
      3011.31519274378
    ],
    "57": [
      334000,
      1025.8276643991167
    ],
    "58": [
      337000,
      1224.3764172335432
    ],
    "59": [
      340000,
      992.7210884353599
    ],
    "60": [
      342000,
      12872.494331065753
    ],
    "61": [
      356000,
      926.5532879818466
    ],
    "62": [
      358000,
      4732.040816326503
    ],
    "63": [
      364000,
      926.5532879818466
    ],
    "64": [
      366000,
      5526.235827664379
    ],
    "65": [
      373000,
      7280.068027210859
    ],
    "66": [
      382000,
      4599.682539682533
    ],
    "67": [
      388000,
      6717.528344671223
    ],
    "68": [
      396000,
      4401.13378684805
    ],
    "69": [
      402000,
      6816.802721088436
    ],
    "01": [
      0,
      7086.009070294785
    ],
    "02": [
      9000,
      3114.217687074831
    ],
    "03": [
      14000,
      4332.834467120183
    ],
    "04": [
      20000,
      6589.523809523811
    ],
    "05": [
      28000,
      2482.3582766439927
    ],
    "06": [
      32000,
      2030.9977324263002
    ],
    "07": [
      36000,
      2301.8140589569143
    ],
    "08": [
      40000,
      2256.6893424036252
    ],
    "09": [
      44000,
      2437.210884353739
    ]
  }
}