{
  "src": [
    "hd1_p5.mp3"
  ],
  "sprite": {
    "10": [
      19000,
      666.5759637188203
    ],
    "11": [
      21000,
      871.6553287981874
    ],
    "12": [
      23000,
      743.4920634920629
    ],
    "13": [
      25000,
      1871.5419501133788
    ],
    "14": [
      28000,
      743.4920634920629
    ],
    "15": [
      30000,
      794.7619047619057
    ],
    "16": [
      32000,
      820.3854875283412
    ],
    "17": [
      34000,
      743.4693877551056
    ],
    "18": [
      36000,
      589.6598639455774
    ],
    "19": [
      38000,
      948.5714285714266
    ],
    "20": [
      40000,
      922.9478458049912
    ],
    "21": [
      42000,
      922.9478458049912
    ],
    "22": [
      44000,
      512.7664399092993
    ],
    "23": [
      46000,
      871.6780045351484
    ],
    "24": [
      48000,
      820.4081632653058
    ],
    "25": [
      50000,
      640.9297052154202
    ],
    "26": [
      52000,
      1256.2358276643977
    ],
    "01": [
      0,
      1179.3197278911564
    ],
    "02": [
      3000,
      846.0317460317461
    ],
    "03": [
      5000,
      974.2403628117913
    ],
    "04": [
      7000,
      640.9297052154193
    ],
    "05": [
      9000,
      743.4920634920629
    ],
    "06": [
      11000,
      974.2403628117913
    ],
    "07": [
      13000,
      820.4081632653058
    ],
    "08": [
      15000,
      999.8639455782321
    ],
    "09": [
      17000,
      769.115646258502
    ]
  }
}