{
  "src": [
    "hd2_15.mp3"
  ],
  "sprite": {
    "10": [
      52000,
      5141.950113378683
    ],
    "11": [
      59000,
      4911.72335600907
    ],
    "12": [
      65000,
      6753.605442176877
    ],
    "13": [
      73000,
      1407.006802721085
    ],
    "14": [
      76000,
      2941.9274376417234
    ],
    "15": [
      80000,
      3172.1541950113306
    ],
    "16": [
      85000,
      1253.5147392290185
    ],
    "17": [
      88000,
      7111.746031746037
    ],
    "18": [
      97000,
      2327.9591836734708
    ],
    "19": [
      101000,
      8032.698412698409
    ],
    "20": [
      111000,
      8493.174603174608
    ],
    "21": [
      121000,
      9721.111111111099
    ],
    "22": [
      132000,
      1227.936507936505
    ],
    "23": [
      135000,
      1202.3582766439915
    ],
    "24": [
      138000,
      5218.684807256239
    ],
    "25": [
      145000,
      5500.0907029478585
    ],
    "26": [
      152000,
      895.3741496598582
    ],
    "27": [
      154000,
      4272.154195011325
    ],
    "28": [
      160000,
      6600.113378684796
    ],
    "29": [
      168000,
      10897.868480725634
    ],
    "30": [
      180000,
      1304.6712018140454
    ],
    "31": [
      183000,
      26835.374149659856
    ],
    "32": [
      211000,
      1048.866213151939
    ],
    "33": [
      214000,
      767.4603174603192
    ],
    "34": [
      216000,
      2455.87301587301
    ],
    "35": [
      220000,
      2020.9750566893376
    ],
    "36": [
      224000,
      2737.256235827658
    ],
    "37": [
      228000,
      9823.424036281182
    ],
    "38": [
      239000,
      7239.682539682548
    ],
    "39": [
      248000,
      7853.628117913842
    ],
    "40": [
      257000,
      1611.6553287981787
    ],
    "41": [
      260000,
      3402.380952380952
    ],
    "42": [
      265000,
      2225.6235827664455
    ],
    "43": [
      269000,
      1202.358276643963
    ],
    "44": [
      272000,
      13200.226757369592
    ],
    "45": [
      287000,
      9311.791383219941
    ],
    "46": [
      298000,
      1586.0770975056653
    ],
    "47": [
      301000,
      2302.358276643986
    ],
    "48": [
      305000,
      12407.210884353732
    ],
    "49": [
      319000,
      17344.489795918376
    ],
    "50": [
      338000,
      7674.557823129248
    ],
    "51": [
      347000,
      2148.888888888905
    ],
    "52": [
      351000,
      2558.185941043064
    ],
    "53": [
      355000,
      2276.7800453514724
    ],
    "01": [
      0,
      2633.0612244897957
    ],
    "02": [
      4000,
      7417.097505668934
    ],
    "03": [
      13000,
      7305.850340136054
    ],
    "04": [
      22000,
      7639.614512471656
    ],
    "05": [
      31000,
      5303.219954648526
    ],
    "06": [
      38000,
      5599.931972789115
    ],
    "07": [
      45000,
      1891.3605442176902
    ],
    "08": [
      48000,
      946.5079365079348
    ],
    "09": [
      50000,
      869.7959183673447
    ]
  }
}