{
  "src": [
    "hd2_3.mp3"
  ],
  "sprite": {
    "10": [
      57000,
      3370.0907029478485
    ],
    "11": [
      62000,
      6740.181405895697
    ],
    "12": [
      70000,
      6879.160997732427
    ],
    "13": [
      78000,
      2848.9569160997803
    ],
    "14": [
      82000,
      5802.131519274382
    ],
    "15": [
      89000,
      5003.015873015869
    ],
    "16": [
      96000,
      2293.038548752833
    ],
    "17": [
      100000,
      5385.192743764179
    ],
    "18": [
      107000,
      1980.3628117913804
    ],
    "19": [
      110000,
      5141.995464852613
    ],
    "20": [
      117000,
      2953.19727891156
    ],
    "21": [
      121000,
      12750.770975056696
    ],
    "22": [
      135000,
      5836.848072562361
    ],
    "23": [
      142000,
      3231.1111111111186
    ],
    "24": [
      147000,
      18865.60090702949
    ],
    "25": [
      167000,
      2397.2789115646265
    ],
    "26": [
      171000,
      1910.8616780045224
    ],
    "27": [
      174000,
      8824.784580498857
    ],
    "28": [
      184000,
      2154.0816326530603
    ],
    "29": [
      188000,
      2432.0181405895764
    ],
    "30": [
      192000,
      3161.65532879819
    ],
    "31": [
      197000,
      2258.2993197278824
    ],
    "32": [
      201000,
      17649.569160997744
    ],
    "33": [
      220000,
      4412.403628117914
    ],
    "34": [
      226000,
      1250.7482993197243
    ],
    "35": [
      229000,
      6010.5895691609985
    ],
    "36": [
      237000,
      14974.3537414966
    ],
    "37": [
      253000,
      2501.51927437642
    ],
    "38": [
      257000,
      3335.3514739229126
    ],
    "39": [
      262000,
      11152.585034013611
    ],
    "40": [
      275000,
      2848.934240362837
    ],
    "41": [
      279000,
      5732.653061224482
    ],
    "42": [
      286000,
      1424.4671201814185
    ],
    "43": [
      289000,
      3300.589569160991
    ],
    "44": [
      294000,
      14731.133786848091
    ],
    "45": [
      310000,
      5663.151927437639
    ],
    "46": [
      317000,
      5315.714285714307
    ],
    "47": [
      324000,
      2015.1020408163163
    ],
    "48": [
      328000,
      4481.882086167787
    ],
    "49": [
      334000,
      9554.399092970527
    ],
    "50": [
      345000,
      2987.913832199524
    ],
    "51": [
      349000,
      18691.88208616782
    ],
    "52": [
      369000,
      12646.553287981875
    ],
    "53": [
      383000,
      4134.444444444454
    ],
    "54": [
      389000,
      5975.827664399105
    ],
    "55": [
      396000,
      2883.696145124702
    ],
    "56": [
      400000,
      6288.526077097515
    ],
    "57": [
      408000,
      2397.3015873015697
    ],
    "58": [
      412000,
      8546.848072562341
    ],
    "59": [
      422000,
      972.811791383208
    ],
    "60": [
      424000,
      4898.798185941018
    ],
    "61": [
      430000,
      2709.9773242630363
    ],
    "62": [
      434000,
      5375.827664399083
    ],
    "63": [
      441000,
      11777.936507936487
    ],
    "64": [
      454000,
      3152.1995464852353
    ],
    "65": [
      459000,
      1857.0975056689463
    ],
    "66": [
      462000,
      15321.088435374122
    ],
    "67": [
      479000,
      15663.197278911583
    ],
    "68": [
      496000,
      2223.6281179138473
    ],
    "69": [
      500000,
      4789.365079365098
    ],
    "70": [
      506000,
      13244.058956916091
    ],
    "01": [
      0,
      3891.2471655328795
    ],
    "02": [
      5000,
      7226.598639455783
    ],
    "03": [
      14000,
      2362.5396825396833
    ],
    "04": [
      18000,
      6114.829931972789
    ],
    "05": [
      26000,
      3161.6326530612255
    ],
    "06": [
      31000,
      7296.077097505666
    ],
    "07": [
      40000,
      2953.1746031746025
    ],
    "08": [
      44000,
      7191.859410430837
    ],
    "09": [
      53000,
      2744.7165532879794
    ]
  }
}