{
  "resources": [
    "hd2_10.mp3"
  ],
  "spritemap": {
    "10": {
      "start": 77,
      "end": 79.76718820861677,
      "loop": false
    },
    "11": {
      "start": 81,
      "end": 89.93206349206349,
      "loop": false
    },
    "12": {
      "start": 91,
      "end": 102.52410430839002,
      "loop": false
    },
    "13": {
      "start": 104,
      "end": 105.47115646258503,
      "loop": false
    },
    "14": {
      "start": 107,
      "end": 120.34557823129252,
      "loop": false
    },
    "15": {
      "start": 122,
      "end": 128.0247619047619,
      "loop": false
    },
    "16": {
      "start": 130,
      "end": 134.3084126984127,
      "loop": false
    },
    "17": {
      "start": 136,
      "end": 147.10380952380953,
      "loop": false
    },
    "18": {
      "start": 149,
      "end": 156.39083900226757,
      "loop": false
    },
    "19": {
      "start": 158,
      "end": 160.03160997732425,
      "loop": false
    },
    "20": {
      "start": 162,
      "end": 163.15591836734694,
      "loop": false
    },
    "21": {
      "start": 165,
      "end": 174.70269841269842,
      "loop": false
    },
    "22": {
      "start": 176,
      "end": 178.69278911564626,
      "loop": false
    },
    "23": {
      "start": 180,
      "end": 191.12857142857143,
      "loop": false
    },
    "24": {
      "start": 193,
      "end": 197.05108843537414,
      "loop": false
    },
    "25": {
      "start": 199,
      "end": 208.15068027210884,
      "loop": false
    },
    "26": {
      "start": 210,
      "end": 223.82133786848073,
      "loop": false
    },
    "27": {
      "start": 225,
      "end": 231.76768707482992,
      "loop": false
    },
    "28": {
      "start": 233,
      "end": 235.40680272108844,
      "loop": false
    },
    "29": {
      "start": 237,
      "end": 252.15582766439908,
      "loop": false
    },
    "30": {
      "start": 254,
      "end": 256.50213151927437,
      "loop": false
    },
    "31": {
      "start": 258,
      "end": 265.2443083900227,
      "loop": false
    },
    "32": {
      "start": 267,
      "end": 284.0383673469388,
      "loop": false
    },
    "33": {
      "start": 286,
      "end": 298.0579365079365,
      "loop": false
    },
    "34": {
      "start": 300,
      "end": 312.2247392290249,
      "loop": false
    },
    "35": {
      "start": 314,
      "end": 319.2187528344671,
      "loop": false
    },
    "36": {
      "start": 321,
      "end": 321.9293650793651,
      "loop": false
    },
    "37": {
      "start": 323,
      "end": 325.4544897959184,
      "loop": false
    },
    "38": {
      "start": 327,
      "end": 338.5813151927438,
      "loop": false
    },
    "39": {
      "start": 340,
      "end": 341.3582993197279,
      "loop": false
    },
    "40": {
      "start": 343,
      "end": 345.0493650793651,
      "loop": false
    },
    "41": {
      "start": 347,
      "end": 351.36086167800454,
      "loop": false
    },
    "42": {
      "start": 353,
      "end": 368.77537414965985,
      "loop": false
    },
    "43": {
      "start": 370,
      "end": 374.69448979591834,
      "loop": false
    },
    "44": {
      "start": 376,
      "end": 376.85786848072564,
      "loop": false
    },
    "45": {
      "start": 378,
      "end": 380.43063492063493,
      "loop": false
    },
    "46": {
      "start": 382,
      "end": 384.192358276644,
      "loop": false
    },
    "47": {
      "start": 386,
      "end": 400.36943310657597,
      "loop": false
    },
    "48": {
      "start": 402,
      "end": 403.45360544217687,
      "loop": false
    },
    "49": {
      "start": 405,
      "end": 414.91324263038547,
      "loop": false
    },
    "01": {
      "start": 0,
      "end": 20.105918367346938,
      "loop": false
    },
    "02": {
      "start": 22,
      "end": 25.467755102040815,
      "loop": false
    },
    "03": {
      "start": 27,
      "end": 28.40111111111111,
      "loop": false
    },
    "04": {
      "start": 30,
      "end": 36.05981859410431,
      "loop": false
    },
    "05": {
      "start": 38,
      "end": 39.366077097505666,
      "loop": false
    },
    "06": {
      "start": 41,
      "end": 57.32292517006803,
      "loop": false
    },
    "07": {
      "start": 59,
      "end": 61.66210884353742,
      "loop": false
    },
    "08": {
      "start": 63,
      "end": 66.11748299319729,
      "loop": false
    },
    "09": {
      "start": 68,
      "end": 75.39083900226757,
      "loop": false
    }
  }
}