{
  "src": [
    "hd2_2.mp3"
  ],
  "sprite": {
    "10": [
      95000,
      5977.006802721093
    ],
    "11": [
      102000,
      2398.1859410430816
    ],
    "12": [
      106000,
      9076.190476190475
    ],
    "13": [
      117000,
      6825.57823129251
    ],
    "14": [
      125000,
      5644.943310657595
    ],
    "15": [
      132000,
      19074.761904761916
    ],
    "16": [
      153000,
      8781.043083900215
    ],
    "17": [
      163000,
      1033.061224489785
    ],
    "18": [
      166000,
      5239.09297052154
    ],
    "19": [
      173000,
      6567.324263038558
    ],
    "20": [
      181000,
      2730.2267573696213
    ],
    "21": [
      185000,
      2103.0158730158632
    ],
    "22": [
      189000,
      2693.378684807243
    ],
    "23": [
      193000,
      2799.0022675736836
    ],
    "24": [
      197000,
      6196.5759637188285
    ],
    "25": [
      205000,
      7816.122448979599
    ],
    "26": [
      214000,
      14716.848072562356
    ],
    "27": [
      230000,
      8449.863945578243
    ],
    "28": [
      240000,
      8678.73015873016
    ],
    "29": [
      250000,
      9858.163265306132
    ],
    "30": [
      261000,
      9821.133786848066
    ],
    "31": [
      272000,
      1373.4467120181648
    ],
    "32": [
      275000,
      4967.029478458073
    ],
    "33": [
      281000,
      997.1655328798192
    ],
    "34": [
      283000,
      1956.7120181405926
    ],
    "35": [
      286000,
      2220.090702947857
    ],
    "36": [
      290000,
      13837.210884353737
    ],
    "37": [
      305000,
      2379.637188208619
    ],
    "38": [
      309000,
      5376.235827664403
    ],
    "39": [
      316000,
      4120.3174603174375
    ],
    "40": [
      322000,
      13594.82993197281
    ],
    "41": [
      337000,
      9166.031746031764
    ],
    "42": [
      348000,
      5111.836734693896
    ],
    "43": [
      355000,
      7183.015873015847
    ],
    "44": [
      364000,
      8174.535147392306
    ],
    "45": [
      374000,
      2489.8185941042925
    ],
    "46": [
      378000,
      2666.0770975056494
    ],
    "47": [
      382000,
      2159.319727891159
    ],
    "48": [
      386000,
      3106.757369614513
    ],
    "49": [
      391000,
      12338.911564625847
    ],
    "50": [
      405000,
      2886.4172335601097
    ],
    "51": [
      409000,
      5464.376417233552
    ],
    "52": [
      416000,
      9496.55328798184
    ],
    "53": [
      427000,
      903.4013605441942
    ],
    "54": [
      429000,
      1057.6190476190277
    ],
    "55": [
      432000,
      14410.090702947855
    ],
    "01": [
      0,
      29737.437641723358
    ],
    "02": [
      31000,
      8891.723356009066
    ],
    "03": [
      41000,
      9703.40136054422
    ],
    "04": [
      52000,
      5681.836734693874
    ],
    "05": [
      59000,
      11806.439909297054
    ],
    "06": [
      72000,
      5239.115646258498
    ],
    "07": [
      79000,
      1475.8049886621336
    ],
    "08": [
      82000,
      6235.283446712017
    ],
    "09": [
      90000,
      3357.4376417233507
    ]
  }
}