{
  "src": [
    "hd2_8.mp3"
  ],
  "sprite": {
    "10": [
      82000,
      14888.548752834467
    ],
    "11": [
      98000,
      11858.163265306117
    ],
    "12": [
      111000,
      1910.4761904761885
    ],
    "13": [
      114000,
      10804.104308390024
    ],
    "14": [
      126000,
      9486.530612244906
    ],
    "15": [
      137000,
      5863.197278911571
    ],
    "16": [
      144000,
      14657.981859410427
    ],
    "17": [
      160000,
      4973.8321995464785
    ],
    "18": [
      166000,
      2075.192743764177
    ],
    "19": [
      170000,
      988.1632653061274
    ],
    "20": [
      172000,
      1844.6031746031792
    ],
    "21": [
      175000,
      11528.752834467126
    ],
    "22": [
      188000,
      24309.206349206364
    ],
    "23": [
      214000,
      2404.58049886621
    ],
    "24": [
      218000,
      1251.6780045351368
    ],
    "25": [
      221000,
      6423.15192743763
    ],
    "26": [
      229000,
      10935.850340136056
    ],
    "27": [
      241000,
      6456.099773242641
    ],
    "28": [
      249000,
      12352.222222222224
    ],
    "29": [
      263000,
      3656.258503401375
    ],
    "30": [
      268000,
      1054.0589569160943
    ],
    "31": [
      271000,
      13505.12471655327
    ],
    "32": [
      286000,
      1185.8276643990848
    ],
    "33": [
      289000,
      12319.297052154183
    ],
    "34": [
      303000,
      17523.696145124744
    ],
    "35": [
      322000,
      6060.839002267585
    ],
    "36": [
      330000,
      9519.455782312945
    ],
    "37": [
      341000,
      1119.9546485260612
    ],
    "38": [
      344000,
      4183.287981859394
    ],
    "39": [
      350000,
      11858.163265306132
    ],
    "40": [
      363000,
      21904.625850340155
    ],
    "41": [
      386000,
      5599.682539682533
    ],
    "42": [
      393000,
      2437.50566893425
    ],
    "43": [
      397000,
      13472.176870748284
    ],
    "44": [
      412000,
      2173.9909297052122
    ],
    "45": [
      416000,
      5665.555555555557
    ],
    "46": [
      423000,
      17161.3605442177
    ],
    "47": [
      442000,
      2569.2517006802973
    ],
    "48": [
      446000,
      2602.1995464852807
    ],
    "49": [
      450000,
      10639.410430839007
    ],
    "01": [
      0,
      3863.673469387755
    ],
    "02": [
      5000,
      11051.904761904761
    ],
    "03": [
      18000,
      37828.02721088435
    ],
    "04": [
      57000,
      1033.3106575963739
    ],
    "05": [
      60000,
      2111.5419501133774
    ],
    "06": [
      64000,
      2920.226757369619
    ],
    "07": [
      68000,
      2536.326530612243
    ],
    "08": [
      72000,
      4644.444444444445
    ],
    "09": [
      78000,
      2437.505668934236
    ]
  }
}