{
  "src": [
    "hd2_14.mp3"
  ],
  "sprite": {
    "10": [
      90000,
      11375.011337868485
    ],
    "11": [
      103000,
      9922.244897959188
    ],
    "12": [
      114000,
      10725.895691609978
    ],
    "13": [
      126000,
      10138.616780045339
    ],
    "14": [
      138000,
      18360.793650793654
    ],
    "15": [
      158000,
      11313.219954648532
    ],
    "16": [
      171000,
      1730.9750566893456
    ],
    "17": [
      174000,
      1514.6031746031667
    ],
    "18": [
      177000,
      2225.555555555559
    ],
    "19": [
      181000,
      4976.575963718829
    ],
    "20": [
      187000,
      2318.2766439909415
    ],
    "21": [
      191000,
      2596.4625850340044
    ],
    "22": [
      195000,
      2132.834467120176
    ],
    "23": [
      199000,
      3152.8571428571295
    ],
    "24": [
      204000,
      2349.1836734693834
    ],
    "25": [
      208000,
      3740.1587301587256
    ],
    "26": [
      213000,
      2256.4625850340008
    ],
    "27": [
      217000,
      4111.088435374142
    ],
    "28": [
      223000,
      18917.18820861678
    ],
    "29": [
      243000,
      13816.961451247153
    ],
    "30": [
      258000,
      22811.88208616777
    ],
    "31": [
      282000,
      5842.063492063517
    ],
    "32": [
      289000,
      2040.068027210907
    ],
    "33": [
      293000,
      1112.7664399093078
    ],
    "34": [
      296000,
      7263.945578231301
    ],
    "35": [
      305000,
      13353.310657596354
    ],
    "36": [
      320000,
      2503.74149659865
    ],
    "37": [
      324000,
      5780.249433106575
    ],
    "38": [
      331000,
      2905.578231292509
    ],
    "39": [
      335000,
      9767.687074829952
    ],
    "40": [
      346000,
      21328.185941043103
    ],
    "41": [
      369000,
      2596.485260770976
    ],
    "42": [
      373000,
      7634.875283446718
    ],
    "43": [
      382000,
      17557.120181405877
    ],
    "44": [
      401000,
      14435.170068027219
    ],
    "45": [
      417000,
      2565.555555555534
    ],
    "46": [
      421000,
      7758.5260770974855
    ],
    "47": [
      430000,
      26953.87755102041
    ],
    "48": [
      458000,
      13446.009070294793
    ],
    "49": [
      473000,
      9087.664399092944
    ],
    "50": [
      484000,
      18577.165532879804
    ],
    "51": [
      504000,
      989.1383219954832
    ],
    "52": [
      506000,
      1854.6258503401418
    ],
    "53": [
      509000,
      1730.9977324263173
    ],
    "54": [
      512000,
      7789.410430838984
    ],
    "55": [
      521000,
      2225.555555555502
    ],
    "56": [
      525000,
      2132.834467120233
    ],
    "57": [
      529000,
      8871.26984126985
    ],
    "58": [
      539000,
      2565.555555555534
    ],
    "59": [
      543000,
      13322.403628117969
    ],
    "60": [
      558000,
      9520.408163265301
    ],
    "61": [
      569000,
      2256.4625850340008
    ],
    "62": [
      573000,
      2380.090702947882
    ],
    "63": [
      577000,
      2534.6485260771487
    ],
    "64": [
      581000,
      16444.331065759685
    ],
    "65": [
      599000,
      17557.097505668935
    ],
    "66": [
      618000,
      20617.23356009065
    ],
    "67": [
      640000,
      2318.2766439908846
    ],
    "68": [
      644000,
      6522.086167800467
    ],
    "69": [
      652000,
      7294.8526077097995
    ],
    "70": [
      661000,
      20339.04761904762
    ],
    "01": [
      0,
      3801.9727891156463
    ],
    "02": [
      5000,
      7882.154195011339
    ],
    "03": [
      14000,
      6553.015873015873
    ],
    "04": [
      22000,
      10509.546485260771
    ],
    "05": [
      34000,
      18360.793650793654
    ],
    "06": [
      54000,
      12055.056689342407
    ],
    "07": [
      68000,
      7047.573696145122
    ],
    "08": [
      77000,
      927.3015873015851
    ],
    "09": [
      79000,
      9953.151927437644
    ]
  }
}