{
  "src": [
    "hd2_16.mp3"
  ],
  "sprite": {
    "10": [
      26000,
      777.3922902494342
    ],
    "11": [
      28000,
      916.2131519274368
    ],
    "12": [
      30000,
      916.2131519274368
    ],
    "13": [
      32000,
      1110.5668934240357
    ],
    "14": [
      35000,
      8967.823129251698
    ],
    "15": [
      45000,
      7801.72335600907
    ],
    "16": [
      54000,
      18268.82086167801
    ],
    "17": [
      74000,
      2193.3560090702995
    ],
    "18": [
      78000,
      2665.3514739228967
    ],
    "19": [
      82000,
      15631.224489795926
    ],
    "20": [
      99000,
      2831.9501133786816
    ],
    "21": [
      103000,
      2387.732426303856
    ],
    "22": [
      107000,
      2137.8458049886576
    ],
    "23": [
      111000,
      21322.90249433106
    ],
    "24": [
      134000,
      7385.283446712009
    ],
    "25": [
      143000,
      2720.8843537414964
    ],
    "26": [
      147000,
      2470.997732426298
    ],
    "27": [
      151000,
      1166.099773242621
    ],
    "28": [
      154000,
      7274.217687074838
    ],
    "29": [
      163000,
      1388.208616780048
    ],
    "30": [
      166000,
      20129.04761904761
    ],
    "31": [
      188000,
      2693.129251700668
    ],
    "32": [
      192000,
      8662.426303854885
    ],
    "33": [
      202000,
      9439.81859410431
    ],
    "34": [
      213000,
      3414.9886621315204
    ],
    "35": [
      218000,
      19073.990929705218
    ],
    "36": [
      239000,
      2165.6009070294713
    ],
    "37": [
      243000,
      2193.3560090702995
    ],
    "38": [
      247000,
      2498.775510204069
    ],
    "39": [
      251000,
      9661.927437641736
    ],
    "40": [
      262000,
      2443.2653061224414
    ],
    "41": [
      266000,
      6108.117913832189
    ],
    "42": [
      274000,
      1471.496598639476
    ],
    "43": [
      277000,
      4942.040816326539
    ],
    "44": [
      283000,
      27375.464852607707
    ],
    "45": [
      312000,
      2221.1337868480996
    ],
    "46": [
      316000,
      14520.680272108848
    ],
    "47": [
      332000,
      2554.3083900226975
    ],
    "48": [
      336000,
      17574.716553288
    ],
    "49": [
      355000,
      22183.56009070294
    ],
    "50": [
      379000,
      2359.9546485260703
    ],
    "51": [
      383000,
      1471.496598639476
    ],
    "52": [
      386000,
      18018.934240362796
    ],
    "53": [
      406000,
      1249.3877551020205
    ],
    "54": [
      409000,
      916.2131519274226
    ],
    "55": [
      411000,
      2582.063492063469
    ],
    "56": [
      415000,
      15631.247165532897
    ],
    "57": [
      432000,
      2443.242630385498
    ],
    "58": [
      436000,
      14465.147392290248
    ],
    "59": [
      452000,
      2526.5532879818693
    ],
    "60": [
      456000,
      2471.0204081632696
    ],
    "61": [
      460000,
      12716.009070294775
    ],
    "62": [
      474000,
      6829.977324263041
    ],
    "63": [
      482000,
      2221.1337868480996
    ],
    "64": [
      486000,
      4053.5600907029448
    ],
    "65": [
      492000,
      19573.741496598643
    ],
    "66": [
      513000,
      10300.521541950162
    ],
    "67": [
      525000,
      4164.625850340144
    ],
    "68": [
      531000,
      1277.1428571428487
    ],
    "69": [
      534000,
      16047.687074829922
    ],
    "70": [
      552000,
      3526.054421768663
    ],
    "71": [
      557000,
      2498.775510204041
    ],
    "72": [
      561000,
      2082.312925170072
    ],
    "73": [
      565000,
      9217.709750566883
    ],
    "74": [
      576000,
      5386.258503401336
    ],
    "75": [
      583000,
      2332.176870748299
    ],
    "76": [
      587000,
      5858.253968253962
    ],
    "77": [
      594000,
      2026.8027210884156
    ],
    "78": [
      598000,
      9884.058956916078
    ],
    "01": [
      0,
      1694.126984126984
    ],
    "02": [
      3000,
      1617.1201814058954
    ],
    "03": [
      6000,
      1693.6054421768708
    ],
    "04": [
      9000,
      1249.3877551020419
    ],
    "05": [
      12000,
      1638.0952380952376
    ],
    "06": [
      15000,
      1499.251700680272
    ],
    "07": [
      18000,
      1721.3605442176886
    ],
    "08": [
      21000,
      1027.2562358276646
    ],
    "09": [
      24000,
      916.2358276643978
    ]
  }
}