{
  "src": [
    "hd2_6.mp3"
  ],
  "sprite": {
    "10": [
      66000,
      10118.752834467117
    ],
    "11": [
      78000,
      9132.448979591842
    ],
    "12": [
      89000,
      10045.691609977326
    ],
    "13": [
      101000,
      3908.684807256236
    ],
    "14": [
      106000,
      2374.421768707478
    ],
    "15": [
      110000,
      6904.12698412699
    ],
    "16": [
      118000,
      2410.975056689338
    ],
    "17": [
      122000,
      20420.15873015873
    ],
    "18": [
      144000,
      2374.4217687074924
    ],
    "19": [
      148000,
      3214.625850340127
    ],
    "20": [
      153000,
      1315.079365079356
    ],
    "21": [
      156000,
      7086.780045351475
    ],
    "22": [
      165000,
      28493.24263038548
    ],
    "23": [
      195000,
      7598.185941043084
    ],
    "24": [
      204000,
      1972.6077097505765
    ],
    "25": [
      207000,
      22611.950113378698
    ],
    "26": [
      231000,
      2082.1995464852707
    ],
    "27": [
      235000,
      2118.730158730159
    ],
    "28": [
      239000,
      1789.954648526077
    ],
    "29": [
      242000,
      2374.4444444444352
    ],
    "30": [
      246000,
      6977.188208616781
    ],
    "31": [
      254000,
      15269.455782312945
    ],
    "32": [
      271000,
      1972.607709750548
    ],
    "33": [
      274000,
      8986.349206349189
    ],
    "34": [
      284000,
      8949.795918367328
    ],
    "35": [
      294000,
      2739.750566893406
    ],
    "36": [
      298000,
      12091.38321995465
    ],
    "37": [
      312000,
      3652.9931972789313
    ],
    "38": [
      317000,
      6027.414965986395
    ],
    "39": [
      325000,
      5479.478458049869
    ],
    "40": [
      332000,
      14429.274376417254
    ],
    "41": [
      348000,
      3506.8707482993204
    ],
    "42": [
      353000,
      5698.662131519257
    ],
    "43": [
      360000,
      949.7732426303855
    ],
    "44": [
      362000,
      2776.2585034013796
    ],
    "45": [
      366000,
      11433.832199546487
    ],
    "46": [
      379000,
      2703.219954648546
    ],
    "47": [
      383000,
      6684.965986394559
    ],
    "48": [
      391000,
      17936.145124716575
    ],
    "49": [
      410000,
      7561.655328798168
    ],
    "50": [
      419000,
      8767.1655328798
    ],
    "51": [
      429000,
      6003.03854875284
    ],
    "52": [
      437000,
      3911.65532879819
    ],
    "53": [
      442000,
      6990.634920634931
    ],
    "54": [
      450000,
      2323.7641723355864
    ],
    "55": [
      454000,
      6119.229024943308
    ],
    "56": [
      462000,
      2517.4149659864042
    ],
    "57": [
      466000,
      4395.782312925177
    ],
    "58": [
      472000,
      5150.997732426276
    ],
    "59": [
      479000,
      12722.562358276662
    ],
    "60": [
      493000,
      8210.612244897959
    ],
    "61": [
      503000,
      14639.659863945553
    ],
    "62": [
      519000,
      10398.798185941017
    ],
    "63": [
      531000,
      19112.902494331025
    ],
    "01": [
      0,
      5717.64172335601
    ],
    "02": [
      7000,
      4602.766439909297
    ],
    "03": [
      13000,
      6173.537414965985
    ],
    "04": [
      21000,
      2082.19954648526
    ],
    "05": [
      25000,
      11397.301587301585
    ],
    "06": [
      38000,
      2666.689342403629
    ],
    "07": [
      42000,
      2666.6666666666642
    ],
    "08": [
      46000,
      10045.691609977326
    ],
    "09": [
      58000,
      6538.820861678005
    ]
  }
}