{
  "src": [
    "hd2_7.mp3"
  ],
  "sprite": {
    "10": [
      52000,
      2458.7301587301627
    ],
    "11": [
      56000,
      9543.696145124713
    ],
    "12": [
      67000,
      5887.981859410431
    ],
    "13": [
      74000,
      5435.056689342403
    ],
    "14": [
      81000,
      2264.603174603181
    ],
    "15": [
      85000,
      1908.7301587301654
    ],
    "16": [
      88000,
      6082.086167800455
    ],
    "17": [
      96000,
      9349.59183673469
    ],
    "18": [
      107000,
      6146.802721088435
    ],
    "19": [
      115000,
      2879.2970521542
    ],
    "20": [
      119000,
      12002.426303854862
    ],
    "21": [
      133000,
      5338.0045351474055
    ],
    "22": [
      140000,
      6955.600907029492
    ],
    "23": [
      148000,
      17146.30385487527
    ],
    "24": [
      167000,
      15334.625850340131
    ],
    "25": [
      184000,
      10093.673469387766
    ],
    "26": [
      196000,
      2976.326530612255
    ],
    "27": [
      200000,
      17113.968253968265
    ],
    "28": [
      219000,
      4399.8185941043175
    ],
    "29": [
      225000,
      4658.6167800453495
    ],
    "30": [
      231000,
      12293.582766439897
    ],
    "31": [
      245000,
      10611.315192743774
    ],
    "32": [
      257000,
      2458.730158730134
    ],
    "33": [
      261000,
      10643.650793650806
    ],
    "34": [
      273000,
      2296.9387755102275
    ],
    "35": [
      277000,
      1908.7528344671227
    ],
    "36": [
      280000,
      1941.0884353741267
    ],
    "37": [
      283000,
      1941.0884353741267
    ],
    "38": [
      286000,
      3299.863945578238
    ],
    "39": [
      291000,
      1649.9092970521474
    ],
    "40": [
      294000,
      9414.308390022654
    ],
    "41": [
      305000,
      1520.5215419501314
    ],
    "42": [
      308000,
      2717.528344671223
    ],
    "43": [
      312000,
      2167.5510204081547
    ],
    "44": [
      316000,
      12723.764172335621
    ],
    "45": [
      330000,
      2578.027210884329
    ],
    "46": [
      334000,
      18084.51247165533
    ],
    "47": [
      354000,
      7311.451247165507
    ],
    "48": [
      363000,
      16790.453514739227
    ],
    "49": [
      381000,
      2846.916099773239
    ],
    "50": [
      385000,
      1261.7006802720994
    ],
    "51": [
      388000,
      6923.219954648516
    ],
    "52": [
      396000,
      2717.528344671223
    ],
    "53": [
      400000,
      9867.23356009071
    ],
    "54": [
      411000,
      2491.065759637195
    ],
    "55": [
      415000,
      6599.705215419476
    ],
    "56": [
      423000,
      5532.1315192744005
    ],
    "57": [
      430000,
      2102.8344671202035
    ],
    "58": [
      434000,
      2264.6031746031667
    ],
    "59": [
      438000,
      2232.2448979591627
    ],
    "60": [
      442000,
      2264.6031746031667
    ],
    "61": [
      446000,
      2304.3990929705274
    ],
    "62": [
      450000,
      8574.51247165534
    ],
    "63": [
      460000,
      5493.038548752849
    ],
    "64": [
      467000,
      5868.185941043066
    ],
    "65": [
      474000,
      2599.13832199544
    ],
    "66": [
      478000,
      1929.2743764172542
    ],
    "67": [
      481000,
      2063.2426303855027
    ],
    "68": [
      485000,
      1714.897959183645
    ],
    "69": [
      488000,
      10798.526077097506
    ],
    "70": [
      500000,
      11548.798185941052
    ],
    "71": [
      513000,
      10771.746031746034
    ],
    "72": [
      525000,
      6270.113378684755
    ],
    "73": [
      533000,
      2224.0136054422237
    ],
    "74": [
      537000,
      14683.877551020374
    ],
    "75": [
      553000,
      2840.317460317465
    ],
    "76": [
      557000,
      25931.904761904774
    ],
    "01": [
      0,
      8954.739229024943
    ],
    "02": [
      10000,
      2145.3968253968264
    ],
    "03": [
      14000,
      5736.643990929707
    ],
    "04": [
      21000,
      11426.621315192748
    ],
    "05": [
      34000,
      2361.6780045351506
    ],
    "06": [
      38000,
      1908.7528344671227
    ],
    "07": [
      41000,
      2135.2154195011367
    ],
    "08": [
      45000,
      2717.5283446712015
    ],
    "09": [
      49000,
      1197.0068027210914
    ]
  }
}