{
  "src": [
    "hd2_11.mp3"
  ],
  "sprite": {
    "10": [
      96000,
      2463.673469387757
    ],
    "11": [
      100000,
      5735.147392290244
    ],
    "12": [
      107000,
      6340.952380952387
    ],
    "13": [
      115000,
      2059.818594104314
    ],
    "14": [
      119000,
      5812.607709750566
    ],
    "15": [
      126000,
      15584.195011337868
    ],
    "16": [
      143000,
      16195.691609977332
    ],
    "17": [
      161000,
      6219.795918367339
    ],
    "18": [
      169000,
      9814.353741496603
    ],
    "19": [
      180000,
      7794.943310657601
    ],
    "20": [
      189000,
      2368.8208616780175
    ],
    "21": [
      193000,
      4737.641723356006
    ],
    "22": [
      199000,
      1250.2040816326598
    ],
    "23": [
      202000,
      2467.505668934251
    ],
    "24": [
      206000,
      12995.623582766428
    ],
    "25": [
      220000,
      2303.01587301588
    ],
    "26": [
      224000,
      2632.0181405895655
    ],
    "27": [
      228000,
      2072.7210884353726
    ],
    "28": [
      232000,
      4119.160997732422
    ],
    "29": [
      238000,
      12700.770975056685
    ],
    "30": [
      252000,
      10389.45578231295
    ],
    "31": [
      264000,
      2723.242630385471
    ],
    "32": [
      268000,
      2608.7981859410547
    ],
    "33": [
      272000,
      8284.126984126999
    ],
    "34": [
      282000,
      2036.7120181405767
    ],
    "35": [
      286000,
      2311.315192743791
    ],
    "36": [
      290000,
      2265.532879818579
    ],
    "37": [
      294000,
      2128.2312925170004
    ],
    "38": [
      298000,
      5126.077097505686
    ],
    "39": [
      305000,
      18032.81179138321
    ],
    "40": [
      325000,
      4393.786848072579
    ],
    "41": [
      331000,
      5469.342403628105
    ],
    "42": [
      338000,
      3203.786848072582
    ],
    "43": [
      343000,
      2974.9433106575793
    ],
    "44": [
      347000,
      2540.158730158737
    ],
    "45": [
      351000,
      7803.537414966002
    ],
    "46": [
      360000,
      1350.1814058956825
    ],
    "47": [
      363000,
      12174.421768707474
    ],
    "48": [
      377000,
      1624.7845804988401
    ],
    "49": [
      380000,
      23753.87755102042
    ],
    "50": [
      405000,
      2883.4240362811556
    ],
    "51": [
      409000,
      2402.857142857158
    ],
    "52": [
      413000,
      1830.7256235827936
    ],
    "53": [
      416000,
      1075.5555555555816
    ],
    "54": [
      419000,
      11350.612244897946
    ],
    "55": [
      432000,
      12357.505668934265
    ],
    "56": [
      446000,
      11190.408163265318
    ],
    "57": [
      459000,
      961.1337868480518
    ],
    "58": [
      461000,
      18261.655328798155
    ],
    "59": [
      481000,
      10297.913832199527
    ],
    "60": [
      493000,
      8009.478458049898
    ],
    "61": [
      503000,
      3043.605442176897
    ],
    "62": [
      508000,
      2974.9433106575793
    ],
    "63": [
      512000,
      1807.8458049886876
    ],
    "64": [
      515000,
      1990.9297052154216
    ],
    "65": [
      518000,
      892.4943310657909
    ],
    "66": [
      520000,
      1029.7959183673129
    ],
    "67": [
      523000,
      846.712018140579
    ],
    "68": [
      525000,
      1830.74829931968
    ],
    "69": [
      528000,
      846.734693877579
    ],
    "70": [
      530000,
      1189.9773242630545
    ],
    "71": [
      533000,
      1670.544217687052
    ],
    "72": [
      536000,
      2082.4716553288454
    ],
    "01": [
      0,
      2974.4444444444443
    ],
    "02": [
      4000,
      2827.1882086167802
    ],
    "03": [
      8000,
      17528.526077097507
    ],
    "04": [
      27000,
      19709.478458049885
    ],
    "05": [
      48000,
      4604.263038548751
    ],
    "06": [
      54000,
      5977.46031746032
    ],
    "07": [
      61000,
      20921.133786848073
    ],
    "08": [
      83000,
      2706.0317460317406
    ],
    "09": [
      87000,
      7471.83673469388
    ]
  }
}