{
  "src": [
    "hd2_13.mp3"
  ],
  "sprite": {
    "10": [
      114000,
      2993.9002267573755
    ],
    "11": [
      118000,
      1235.5782312925214
    ],
    "12": [
      121000,
      2138.5034013605377
    ],
    "13": [
      125000,
      2708.75283446712
    ],
    "14": [
      129000,
      2090.975056689331
    ],
    "15": [
      133000,
      1900.8843537415032
    ],
    "16": [
      136000,
      7413.4693877551
    ],
    "17": [
      145000,
      7175.873015873009
    ],
    "18": [
      154000,
      1283.1065759637283
    ],
    "19": [
      157000,
      2376.099773242629
    ],
    "20": [
      161000,
      1710.7936507936472
    ],
    "21": [
      164000,
      2328.594104308394
    ],
    "22": [
      168000,
      4372.063492063489
    ],
    "23": [
      174000,
      3801.7913832199497
    ],
    "24": [
      179000,
      13829.002267573685
    ],
    "25": [
      194000,
      14256.689342403632
    ],
    "26": [
      210000,
      18913.87755102042
    ],
    "27": [
      230000,
      9314.376417233576
    ],
    "28": [
      241000,
      1948.4126984127101
    ],
    "29": [
      244000,
      5655.147392290246
    ],
    "30": [
      251000,
      1710.7936507936472
    ],
    "31": [
      254000,
      8173.832199546496
    ],
    "32": [
      264000,
      5274.965986394534
    ],
    "33": [
      271000,
      15254.648526077119
    ],
    "34": [
      288000,
      3136.462585033996
    ],
    "35": [
      293000,
      2708.7755102040774
    ],
    "36": [
      297000,
      8791.609977324242
    ],
    "37": [
      307000,
      7413.469387755129
    ],
    "38": [
      316000,
      5370.000000000005
    ],
    "39": [
      323000,
      7223.401360544244
    ],
    "40": [
      332000,
      21955.306122448972
    ],
    "41": [
      355000,
      14304.195011337868
    ],
    "42": [
      371000,
      16822.879818594116
    ],
    "43": [
      389000,
      2708.752834467134
    ],
    "44": [
      393000,
      12355.804988662157
    ],
    "45": [
      407000,
      5417.528344671211
    ],
    "46": [
      414000,
      7888.684807256254
    ],
    "47": [
      423000,
      9694.557823129231
    ],
    "48": [
      434000,
      10264.807256235827
    ],
    "01": [
      0,
      16490.226757369615
    ],
    "02": [
      18000,
      14494.308390022674
    ],
    "03": [
      34000,
      14874.489795918365
    ],
    "04": [
      50000,
      16727.84580498866
    ],
    "05": [
      68000,
      8411.45124716553
    ],
    "06": [
      78000,
      4467.097505668931
    ],
    "07": [
      84000,
      12688.45804988662
    ],
    "08": [
      98000,
      10787.573696145131
    ],
    "09": [
      110000,
      2993.922902494333
    ]
  }
}