{
  "src": [
    "hd2_4.mp3"
  ],
  "sprite": {
    "10": [
      112000,
      1011.5646258503403
    ],
    "11": [
      115000,
      18024.353741496612
    ],
    "12": [
      135000,
      5548.299319727903
    ],
    "13": [
      142000,
      5057.86848072563
    ],
    "14": [
      149000,
      2513.6054421768677
    ],
    "15": [
      153000,
      7387.551020408154
    ],
    "16": [
      162000,
      2574.897959183687
    ],
    "17": [
      166000,
      11035.306122448987
    ],
    "18": [
      179000,
      2789.478458049899
    ],
    "19": [
      183000,
      15449.455782312923
    ],
    "20": [
      200000,
      2850.793650793662
    ],
    "21": [
      204000,
      12568.004535147395
    ],
    "22": [
      218000,
      6743.8095238095175
    ],
    "23": [
      226000,
      6192.040816326539
    ],
    "24": [
      234000,
      1226.1451247165667
    ],
    "25": [
      237000,
      5854.852607709745
    ],
    "26": [
      244000,
      10544.875283446714
    ],
    "27": [
      256000,
      2299.0249433106555
    ],
    "28": [
      260000,
      2820.1360544217664
    ],
    "29": [
      264000,
      1195.4875283446427
    ],
    "30": [
      267000,
      19342.47165532878
    ],
    "31": [
      288000,
      9594.603174603151
    ],
    "32": [
      299000,
      2850.793650793662
    ],
    "33": [
      303000,
      4168.888888888887
    ],
    "34": [
      309000,
      3617.1428571428805
    ],
    "35": [
      314000,
      2482.947845804972
    ],
    "36": [
      318000,
      1931.1791383220225
    ],
    "37": [
      321000,
      1011.5646258503261
    ],
    "38": [
      324000,
      8950.861678004514
    ],
    "39": [
      334000,
      9993.083900226737
    ],
    "40": [
      345000,
      4107.596371882096
    ],
    "41": [
      351000,
      15204.217687074844
    ],
    "42": [
      368000,
      3096.0317460317697
    ],
    "43": [
      373000,
      13763.492063492038
    ],
    "44": [
      388000,
      2145.7596371882346
    ],
    "45": [
      392000,
      2360.3401360544467
    ],
    "46": [
      396000,
      5854.852607709745
    ],
    "47": [
      403000,
      2084.4671201813867
    ],
    "48": [
      407000,
      1134.1950113378516
    ],
    "49": [
      410000,
      1103.5147392290128
    ],
    "50": [
      413000,
      3187.9818594104563
    ],
    "51": [
      418000,
      4904.580498866209
    ],
    "52": [
      424000,
      1777.9138321995447
    ],
    "53": [
      427000,
      2850.793650793662
    ],
    "54": [
      431000,
      7571.451247165555
    ],
    "55": [
      440000,
      2268.39002267576
    ],
    "56": [
      444000,
      14070.022675736936
    ],
    "57": [
      460000,
      1900.5442176870702
    ],
    "58": [
      463000,
      980.9297052154307
    ],
    "59": [
      465000,
      1072.8798185941173
    ],
    "60": [
      468000,
      5241.791383219947
    ],
    "61": [
      475000,
      2115.102040816339
    ],
    "62": [
      479000,
      2636.21315192745
    ],
    "63": [
      483000,
      2329.682539682551
    ],
    "64": [
      487000,
      2544.2630385487632
    ],
    "65": [
      491000,
      8000.6122448979795
    ],
    "66": [
      501000,
      3923.6734693877793
    ],
    "67": [
      506000,
      3647.777777777776
    ],
    "68": [
      511000,
      2145.7596371882346
    ],
    "69": [
      515000,
      3862.358276644045
    ],
    "01": [
      0,
      11340.453514739229
    ],
    "02": [
      13000,
      25153.6507936508
    ],
    "03": [
      40000,
      1196.8934240362828
    ],
    "04": [
      43000,
      25604.96598639456
    ],
    "05": [
      70000,
      10301.83673469388
    ],
    "06": [
      82000,
      12396.394557823129
    ],
    "07": [
      96000,
      2693.0158730158664
    ],
    "08": [
      100000,
      5557.006802721091
    ],
    "09": [
      107000,
      3163.2199546485253
    ]
  }
}