{
  "src": [
    "hd2_9.mp3"
  ],
  "sprite": {
    "10": [
      22000,
      1044.897959183672
    ],
    "11": [
      25000,
      899.1156462585046
    ],
    "12": [
      27000,
      1239.319727891157
    ],
    "13": [
      30000,
      996.3038548752827
    ],
    "14": [
      32000,
      1166.3945578231321
    ],
    "15": [
      35000,
      1166.3945578231321
    ],
    "16": [
      38000,
      1289.7959183673465
    ],
    "17": [
      41000,
      10535.238095238092
    ],
    "18": [
      53000,
      15819.387755102041
    ],
    "19": [
      70000,
      7508.73015873016
    ],
    "20": [
      79000,
      10133.151927437637
    ],
    "21": [
      91000,
      4714.217687074835
    ],
    "22": [
      97000,
      6147.936507936507
    ],
    "23": [
      105000,
      3061.814058956912
    ],
    "24": [
      110000,
      2964.6031746031695
    ],
    "25": [
      114000,
      6609.637188208623
    ],
    "26": [
      122000,
      1458.0045351473955
    ],
    "27": [
      125000,
      12587.460317460313
    ],
    "28": [
      139000,
      5686.2358276644045
    ],
    "29": [
      146000,
      6147.936507936521
    ],
    "30": [
      154000,
      3936.598639455781
    ],
    "31": [
      159000,
      2068.7074829932044
    ],
    "32": [
      163000,
      6572.857142857146
    ],
    "33": [
      171000,
      1784.557823129262
    ],
    "34": [
      174000,
      5070.975056689349
    ],
    "35": [
      181000,
      2420.657596371882
    ],
    "36": [
      185000,
      2102.607709750572
    ],
    "37": [
      189000,
      9293.854875283443
    ],
    "38": [
      200000,
      2526.6666666666706
    ],
    "39": [
      204000,
      1660.8616780045224
    ],
    "40": [
      207000,
      13887.800453514728
    ],
    "41": [
      222000,
      2632.6757369614597
    ],
    "42": [
      226000,
      14453.197278911573
    ],
    "43": [
      242000,
      1095.464852607705
    ],
    "44": [
      245000,
      1042.4716553287965
    ],
    "45": [
      248000,
      4982.653061224482
    ],
    "46": [
      254000,
      2349.9773242630226
    ],
    "47": [
      258000,
      8940.498866213147
    ],
    "48": [
      268000,
      2880.045351473939
    ],
    "49": [
      272000,
      1837.573696145114
    ],
    "50": [
      275000,
      1908.2539682539732
    ],
    "51": [
      278000,
      954.1269841269582
    ],
    "52": [
      280000,
      747.3469387755358
    ],
    "53": [
      282000,
      5954.693877550994
    ],
    "54": [
      289000,
      5544.852607709743
    ],
    "55": [
      296000,
      11812.970521541956
    ],
    "56": [
      309000,
      2181.791383219945
    ],
    "57": [
      313000,
      6569.4557823129
    ],
    "01": [
      0,
      1206.077097505669
    ],
    "02": [
      3000,
      947.6870748299317
    ],
    "03": [
      5000,
      1044.8979591836735
    ],
    "04": [
      8000,
      801.9047619047619
    ],
    "05": [
      10000,
      729.002267573696
    ],
    "06": [
      12000,
      874.8072562358278
    ],
    "07": [
      14000,
      971.9954648526077
    ],
    "08": [
      16000,
      1190.7029478458035
    ],
    "09": [
      19000,
      1020.5895691609967
    ]
  }
}