{
  "src": [
    "hd2_1.mp3"
  ],
  "sprite": {
    "10": [
      53000,
      1253.7188208616783
    ],
    "11": [
      56000,
      949.7959183673502
    ],
    "12": [
      58000,
      19299.77324263038
    ],
    "13": [
      79000,
      19184.10430839002
    ],
    "14": [
      100000,
      13954.988662131513
    ],
    "15": [
      115000,
      3304.2857142857115
    ],
    "16": [
      120000,
      2790.9977324263054
    ],
    "17": [
      124000,
      15141.972789115642
    ],
    "18": [
      141000,
      8469.251700680274
    ],
    "19": [
      151000,
      8052.19954648527
    ],
    "20": [
      161000,
      12254.739229024948
    ],
    "21": [
      175000,
      10073.265306122437
    ],
    "22": [
      187000,
      2245.6235827664273
    ],
    "23": [
      191000,
      3560.9297052154147
    ],
    "24": [
      196000,
      12254.739229024948
    ],
    "25": [
      210000,
      1379.455782312931
    ],
    "26": [
      213000,
      6287.777777777791
    ],
    "27": [
      221000,
      2373.945578231286
    ],
    "28": [
      225000,
      4812.0634920634875
    ],
    "29": [
      231000,
      1283.21995464853
    ],
    "30": [
      234000,
      2662.6757369614606
    ],
    "31": [
      238000,
      5197.029478458063
    ],
    "32": [
      245000,
      3015.5782312925226
    ],
    "33": [
      250000,
      2438.1179138322013
    ],
    "34": [
      254000,
      7506.8253968253775
    ],
    "35": [
      263000,
      3721.3151927437593
    ],
    "36": [
      268000,
      11420.634920634939
    ],
    "37": [
      281000,
      1090.7256235827845
    ],
    "38": [
      284000,
      4298.798185941052
    ],
    "39": [
      290000,
      14757.006802721095
    ],
    "40": [
      306000,
      15077.823129251727
    ],
    "41": [
      323000,
      16553.514739229002
    ],
    "42": [
      341000,
      2502.2675736961446
    ],
    "43": [
      345000,
      2181.473922902512
    ],
    "44": [
      349000,
      9335.3968253968
    ],
    "45": [
      360000,
      1860.680272108823
    ],
    "46": [
      363000,
      6576.507936507937
    ],
    "47": [
      371000,
      5068.707482993204
    ],
    "48": [
      378000,
      5838.6394557823
    ],
    "49": [
      385000,
      2373.9682539682576
    ],
    "50": [
      389000,
      6640.65759637191
    ],
    "51": [
      397000,
      6544.42176870748
    ],
    "52": [
      405000,
      17868.82086167799
    ],
    "53": [
      424000,
      9848.707482993177
    ],
    "54": [
      435000,
      5164.943310657577
    ],
    "55": [
      442000,
      5036.621315192747
    ],
    "56": [
      449000,
      4779.999999999973
    ],
    "57": [
      455000,
      24092.426303854892
    ],
    "01": [
      0,
      7256.39455782313
    ],
    "02": [
      9000,
      11587.46031746032
    ],
    "03": [
      22000,
      17932.06349206349
    ],
    "04": [
      41000,
      645.8730158730148
    ],
    "05": [
      43000,
      683.8548752834441
    ],
    "06": [
      45000,
      873.8095238095269
    ],
    "07": [
      47000,
      911.8140589569136
    ],
    "08": [
      49000,
      949.7959183673502
    ],
    "09": [
      51000,
      835.804988662133
    ]
  }
}