{
  "src": [
    "hd2_5.mp3"
  ],
  "sprite": {
    "10": [
      79000,
      436.9841269841288
    ],
    "11": [
      81000,
      780.3174603174625
    ],
    "12": [
      83000,
      2684.3537414965936
    ],
    "13": [
      87000,
      2060.0907029478462
    ],
    "14": [
      91000,
      4307.437641723353
    ],
    "15": [
      97000,
      16293.378684807252
    ],
    "16": [
      115000,
      2469.5464852607643
    ],
    "17": [
      119000,
      8149.501133786842
    ],
    "18": [
      129000,
      2068.231292516998
    ],
    "19": [
      133000,
      2315.192743764186
    ],
    "20": [
      137000,
      2346.054421768713
    ],
    "21": [
      141000,
      5679.9546485260635
    ],
    "22": [
      148000,
      4568.662131519261
    ],
    "23": [
      154000,
      2500.430839002263
    ],
    "24": [
      158000,
      2099.0929705215535
    ],
    "25": [
      162000,
      2407.8231292517103
    ],
    "26": [
      166000,
      2376.9387755102116
    ],
    "27": [
      170000,
      2037.3696145124711
    ],
    "28": [
      174000,
      3025.1927437641652
    ],
    "29": [
      179000,
      2160.861678004522
    ],
    "30": [
      183000,
      2315.192743764186
    ],
    "31": [
      187000,
      14693.786848072563
    ],
    "32": [
      203000,
      2531.29251700679
    ],
    "33": [
      207000,
      2222.6077097505768
    ],
    "34": [
      211000,
      16422.47165532879
    ],
    "35": [
      229000,
      2438.684807256237
    ],
    "36": [
      233000,
      5340.385487528351
    ],
    "37": [
      240000,
      3333.8775510204073
    ],
    "38": [
      245000,
      2623.900226757371
    ],
    "39": [
      249000,
      8797.75510204081
    ],
    "40": [
      259000,
      2315.1927437641575
    ],
    "41": [
      263000,
      2037.3922902494428
    ],
    "42": [
      267000,
      2099.115646258497
    ],
    "43": [
      271000,
      5494.739229024958
    ],
    "44": [
      278000,
      4723.015873015867
    ],
    "45": [
      284000,
      11359.909297052127
    ],
    "46": [
      297000,
      10248.616780045324
    ],
    "47": [
      309000,
      20088.616780045355
    ],
    "48": [
      331000,
      2580.97505668934
    ],
    "49": [
      335000,
      2925.1020408163413
    ],
    "50": [
      339000,
      1075.3968253968083
    ],
    "51": [
      342000,
      22669.591836734697
    ],
    "52": [
      366000,
      1032.3809523809473
    ],
    "53": [
      369000,
      688.276643990946
    ],
    "54": [
      371000,
      860.3174603174466
    ],
    "55": [
      373000,
      5807.210884353764
    ],
    "56": [
      380000,
      17851.768707483017
    ],
    "57": [
      399000,
      2193.8321995464776
    ],
    "58": [
      403000,
      7828.979591836742
    ],
    "59": [
      412000,
      903.3333333333076
    ],
    "60": [
      414000,
      4989.88662131518
    ],
    "61": [
      420000,
      1247.4829931972522
    ],
    "62": [
      423000,
      17593.673469387737
    ],
    "63": [
      442000,
      13378.072562358284
    ],
    "64": [
      457000,
      3398.299319727869
    ],
    "65": [
      462000,
      13206.009070294784
    ],
    "66": [
      477000,
      11786.46258503403
    ],
    "67": [
      490000,
      2710.0226757369796
    ],
    "68": [
      494000,
      9463.582766439913
    ],
    "69": [
      505000,
      4344.648526077094
    ],
    "70": [
      511000,
      2236.8480725623385
    ],
    "71": [
      515000,
      946.3718820861686
    ],
    "72": [
      517000,
      17851.76870748296
    ],
    "73": [
      536000,
      3527.3242630385084
    ],
    "01": [
      0,
      13640.249433106575
    ],
    "02": [
      15000,
      4057.732426303854
    ],
    "03": [
      21000,
      3308.616780045352
    ],
    "04": [
      26000,
      16480.680272108842
    ],
    "05": [
      44000,
      2309.7959183673497
    ],
    "06": [
      48000,
      1904.0136054421737
    ],
    "07": [
      51000,
      9364.013605442175
    ],
    "08": [
      62000,
      11486.530612244906
    ],
    "09": [
      75000,
      2028.8662131519288
    ]
  }
}