{
  "src": [
    "hd2_12.mp3"
  ],
  "sprite": {
    "10": [
      115000,
      8464.943310657589
    ],
    "11": [
      125000,
      4017.256235827659
    ],
    "12": [
      131000,
      2678.163265306125
    ],
    "13": [
      135000,
      2917.30158730158
    ],
    "14": [
      139000,
      3005.215419501127
    ],
    "15": [
      144000,
      10479.727891156472
    ],
    "16": [
      156000,
      4006.961451247179
    ],
    "17": [
      162000,
      8977.120181405895
    ],
    "18": [
      172000,
      2581.405895691603
    ],
    "19": [
      176000,
      2889.63718820861
    ],
    "20": [
      180000,
      2889.63718820861
    ],
    "21": [
      184000,
      12020.861678004536
    ],
    "22": [
      198000,
      3390.5215419501073
    ],
    "23": [
      203000,
      5663.696145124703
    ],
    "24": [
      210000,
      5124.285714285719
    ],
    "25": [
      217000,
      15835.192743764168
    ],
    "26": [
      234000,
      33404.126984127004
    ],
    "27": [
      269000,
      3852.8344671202035
    ],
    "28": [
      274000,
      21152.108843537404
    ],
    "29": [
      297000,
      2581.405895691603
    ],
    "30": [
      301000,
      1435.7596371881982
    ],
    "31": [
      304000,
      6991.451247165514
    ],
    "32": [
      312000,
      5992.653061224473
    ],
    "33": [
      319000,
      10112.607709750591
    ],
    "34": [
      331000,
      2559.3650793650795
    ],
    "35": [
      335000,
      1810.294784580492
    ],
    "36": [
      338000,
      23533.673469387737
    ],
    "37": [
      363000,
      2684.2176870748062
    ],
    "38": [
      367000,
      2216.031746031774
    ],
    "39": [
      371000,
      7241.133786848081
    ],
    "40": [
      380000,
      2809.0476190476465
    ],
    "41": [
      384000,
      3089.9546485260885
    ],
    "42": [
      389000,
      3277.2335600906786
    ],
    "43": [
      394000,
      2528.163265306148
    ],
    "44": [
      398000,
      1342.1088435374031
    ],
    "45": [
      401000,
      1248.458049886608
    ],
    "46": [
      404000,
      2777.845804988658
    ],
    "47": [
      408000,
      5306.0090702948055
    ],
    "48": [
      415000,
      2933.9002267573733
    ],
    "49": [
      419000,
      2871.496598639453
    ],
    "50": [
      423000,
      1092.426303854893
    ],
    "51": [
      426000,
      1061.2018140589612
    ],
    "52": [
      429000,
      11423.514739229005
    ],
    "53": [
      442000,
      15543.446712018123
    ],
    "54": [
      459000,
      8458.367346938758
    ],
    "55": [
      469000,
      9987.755102040808
    ],
    "01": [
      0,
      19321.111111111113
    ],
    "02": [
      21000,
      15256.031746031746
    ],
    "03": [
      38000,
      6360.65759637188
    ],
    "04": [
      46000,
      7556.281179138324
    ],
    "05": [
      55000,
      14729.954648526074
    ],
    "06": [
      71000,
      7556.281179138324
    ],
    "07": [
      80000,
      11956.145124716557
    ],
    "08": [
      93000,
      14299.546485260777
    ],
    "09": [
      109000,
      4591.156462585033
    ]
  }
}